Hue,Value,Chroma,R,G,B
10.0B,1,2,22,35,45
10.0B,2,2,42,54,64
10.0B,2,4,25,55,75
10.0B,3,2,61,75,87
10.0B,3,4,45,77,99
10.0B,3,6,9,78,111
10.0B,4,2,85,99,109
10.0B,4,4,70,100,122
10.0B,4,6,50,102,134
10.0B,5,2,110,124,134
10.0B,5,4,95,126,146
10.0B,5,6,77,127,159
10.0B,5,8,49,129,173
10.0B,6,2,135,149,159
10.0B,6,4,121,151,171
10.0B,6,6,102,153,186
10.0B,6,8,79,155,200
10.0B,6,10,40,157,213
10.0B,7,2,161,176,184
10.0B,7,4,145,178,198
10.0B,7,6,127,180,212
10.0B,7,8,105,182,227
10.0B,7,10,69,184,244
10.0B,8,2,188,203,211
10.0B,8,4,171,205,226
10.0B,8,6,151,208,242
10.0B,8,8,122,211,255
10.0B,1,2,16,30,44
10.0B,2,2,39,50,64
10.0B,2,4,19,52,77
10.0B,3,2,60,73,90
10.0B,3,4,41,75,103
10.0B,4,2,86,97,114
10.0B,4,4,69,99,127
10.0B,4,6,47,101,140
10.0B,5,2,112,123,140
10.0B,5,4,97,125,153
10.0B,5,6,77,127,167
10.0B,5,8,45,129,180
10.0B,6,2,139,148,166
10.0B,6,4,124,151,179
10.0B,6,6,104,153,194
10.0B,6,8,78,155,208
10.0B,6,10,31,157,221
10.0B,7,2,166,174,193
10.0B,7,4,149,177,206
10.0B,7,6,130,179,220
10.0B,7,8,106,181,235
10.0B,7,10,67,183,252
10.0B,8,2,193,200,220
10.0B,8,4,175,203,235
10.0B,8,6,154,206,250
10.0B,9,2,220,227,248
10.0B,9,2,221,229,250
10.0B,8,2,194,202,221
10.0B,7,2,167,175,194
10.0B,6,2,139,149,167
10.0B,5,2,113,123,141
10.0B,4,2,86,98,114
10.0B,3,2,60,73,90
10.0B,2,2,38,50,64
10.0B,1,2,15,29,43
10.0B,2,4,18,51,77
10.0B,3,4,41,75,104
10.0B,4,4,69,100,128
10.0B,5,4,97,125,154
10.0B,6,4,124,151,180
10.0B,7,4,150,178,208
10.0B,8,4,176,205,237
10.0B,8,6,155,207,252
10.0B,7,6,131,180,222
10.0B,6,6,104,154,195
10.0B,5,6,77,127,168
10.0B,4,6,47,101,141
10.0B,5,8,44,129,181
10.0B,6,8,78,155,209
10.0B,7,8,106,182,237
10.0B,7,10,66,185,254
10.0B,6,10,31,157,223
10.0B,9,2,215,231,239
10.0B,9,4,193,234,255
10.0BG,1,2,19,36,40
10.0BG,2,2,38,55,58
10.0BG,3,2,56,77,80
10.0BG,3,4,26,80,88
10.0BG,4,2,78,101,103
10.0BG,4,4,52,105,111
10.0BG,5,2,102,126,128
10.0BG,5,4,79,130,135
10.0BG,5,6,41,133,143
10.0BG,6,2,126,152,154
10.0BG,6,4,102,156,161
10.0BG,6,6,68,160,168
10.0BG,7,2,152,179,180
10.0BG,7,4,127,183,186
10.0BG,7,6,100,187,193
10.0BG,7,8,51,191,200
10.0BG,8,2,178,206,206
10.0BG,8,4,152,211,213
10.0BG,8,6,121,216,220
10.0BG,8,8,78,220,226
10.0BG,1,2,12,31,38
10.0BG,2,2,35,52,58
10.0BG,3,2,55,75,83
10.0BG,3,4,21,79,91
10.0BG,4,2,79,100,108
10.0BG,4,4,51,104,116
10.0BG,5,2,105,125,134
10.0BG,5,4,80,129,142
10.0BG,5,6,39,133,150
10.0BG,6,2,130,151,161
10.0BG,6,4,105,156,168
10.0BG,6,6,70,160,176
10.0BG,7,2,156,177,188
10.0BG,7,4,131,182,195
10.0BG,7,6,103,186,201
10.0BG,7,8,52,190,209
10.0BG,8,2,183,204,215
10.0BG,8,4,157,209,222
10.0BG,8,6,125,214,228
10.0BG,8,8,82,218,235
10.0BG,9,2,209,231,243
10.0BG,9,4,180,237,250
10.0BG,9,2,210,232,245
10.0BG,8,2,184,205,216
10.0BG,7,2,157,178,189
10.0BG,6,2,131,152,162
10.0BG,5,2,105,126,135
10.0BG,4,2,79,100,108
10.0BG,3,2,55,75,83
10.0BG,2,2,35,51,58
10.0BG,1,2,11,31,37
10.0BG,3,4,20,79,91
10.0BG,4,4,51,104,116
10.0BG,5,4,80,130,142
10.0BG,6,4,105,157,169
10.0BG,7,4,131,183,196
10.0BG,8,4,157,210,223
10.0BG,9,4,181,239,252
10.0BG,8,6,126,215,230
10.0BG,7,6,103,187,202
10.0BG,6,6,69,161,177
10.0BG,5,6,38,134,150
10.0BG,7,8,52,191,210
10.0BG,8,8,82,219,237
10.0BG,9,2,204,234,234
10.0BG,9,4,174,240,241
10.0BG,9,6,139,246,249
10.0BG,9,8,91,251,255
10.0G,1,2,22,36,33
10.0G,2,2,41,55,51
10.0G,2,4,18,58,50
10.0G,3,2,59,77,72
10.0G,3,4,35,81,71
10.0G,4,2,80,101,95
10.0G,4,4,57,106,93
10.0G,4,6,7,109,92
10.0G,5,2,103,127,119
10.0G,5,4,82,131,117
10.0G,5,6,54,135,115
10.0G,6,2,127,153,144
10.0G,6,4,103,158,141
10.0G,6,6,79,162,139
10.0G,6,8,34,166,138
10.0G,7,2,152,180,170
10.0G,7,4,130,185,167
10.0G,7,6,106,189,164
10.0G,7,8,72,193,162
10.0G,8,2,177,207,196
10.0G,8,4,154,212,193
10.0G,8,6,128,217,190
10.0G,8,8,98,222,188
10.0G,8,10,47,226,185
10.0G,9,2,202,236,223
10.0G,9,4,178,242,219
10.0G,9,6,148,247,216
10.0G,9,8,113,252,213
10.0G,9,10,68,255,211
10.0G,1,2,17,31,30
10.0G,2,2,38,52,51
10.0G,2,4,13,56,50
10.0G,3,2,58,75,74
10.0G,3,4,32,80,72
10.0G,4,2,81,100,99
10.0G,4,4,57,105,97
10.0G,4,6,10,109,96
10.0G,5,2,106,126,125
10.0G,5,4,84,131,123
10.0G,5,6,55,135,121
10.0G,6,2,131,152,151
10.0G,6,4,107,157,148
10.0G,6,6,82,161,146
10.0G,6,8,38,165,145
10.0G,7,2,156,178,178
10.0G,7,4,135,183,175
10.0G,7,6,110,188,172
10.0G,7,8,77,192,170
10.0G,8,2,182,205,205
10.0G,8,4,160,210,201
10.0G,8,6,134,215,199
10.0G,8,8,104,220,196
10.0G,8,10,56,224,194
10.0G,9,2,208,232,232
10.0G,9,4,183,238,228
10.0G,9,6,154,244,225
10.0G,9,8,120,249,222
10.0G,9,10,77,253,220
10.0G,9,2,209,234,234
10.0G,8,2,183,206,206
10.0G,7,2,157,179,179
10.0G,6,2,131,153,152
10.0G,5,2,106,126,125
10.0G,4,2,81,100,99
10.0G,3,2,58,75,74
10.0G,2,2,38,52,50
10.0G,1,2,16,31,29
10.0G,2,4,12,55,50
10.0G,3,4,32,80,72
10.0G,4,4,57,105,97
10.0G,5,4,84,131,123
10.0G,6,4,107,158,149
10.0G,7,4,135,184,176
10.0G,8,4,161,212,203
10.0G,9,4,185,240,130
10.0G,9,6,155,246,227
10.0G,8,6,134,217,200
10.0G,7,6,111,189,173
10.0G,6,6,82,162,147
10.0G,5,6,55,135,121
10.0G,2,6,10,109,96
10.0G,6,8,38,166,145
10.0G,7,8,77,193,171
10.0G,8,8,104,221,197
10.0G,9,8,121,251,224
10.0G,8,10,55,225,195
10.0GY,1,2,27,36,29
10.0GY,2,2,45,55,46
10.0GY,2,4,33,58,37
10.0GY,2,6,15,60,28
10.0GY,3,2,64,77,64
10.0GY,3,4,52,80,54
10.0GY,3,6,38,83,42
10.0GY,3,8,5,85,30
10.0GY,4,2,86,101,85
10.0GY,4,4,74,104,73
10.0GY,4,6,59,108,59
10.0GY,4,8,40,110,45
10.0GY,5,2,110,126,109
10.0GY,5,4,98,130,96
10.0GY,5,6,85,133,82
10.0GY,5,8,69,136,67
10.0GY,5,10,47,139,51
10.0GY,5,12,0,142,29
10.0GY,6,2,134,152,132
10.0GY,6,4,122,156,118
10.0GY,6,6,109,160,104
10.0GY,6,8,94,163,88
10.0GY,6,10,76,166,73
10.0GY,6,12,53,169,55
10.0GY,6,14,10,172,32
10.0GY,7,2,159,179,157
10.0GY,7,4,147,183,142
10.0GY,7,6,135,187,127
10.0GY,7,8,121,190,112
10.0GY,7,10,104,194,96
10.0GY,7,12,84,197,78
10.0GY,7,14,58,200,59
10.0GY,7,16,20,202,30
10.0GY,8,2,185,206,182
10.0GY,8,4,173,211,166
10.0GY,8,6,159,215,149
10.0GY,8,8,145,218,135
10.0GY,8,10,129,222,118
10.0GY,8,12,111,225,99
10.0GY,8,14,89,228,81
10.0GY,8,16,56,231,58
10.0GY,9,2,212,235,207
10.0GY,9,4,198,240,190
10.0GY,9,6,182,245,171
10.0GY,9,8,168,248,155
10.0GY,9,10,151,252,136
10.0GY,9,12,134,255,119
10.0GY,1,2,22,31,24
10.0GY,1,4,1,35,13
10.0GY,2,2,43,51,45
10.0GY,2,4,30,55,35
10.0GY,2,6,11,57,24
10.0GY,3,2,64,75,66
10.0GY,3,4,52,78,54
10.0GY,3,6,37,81,41
10.0GY,3,8,10,84,27
10.0GY,4,2,88,99,89
10.0GY,4,4,76,103,75
10.0GY,4,6,61,107,61
10.0GY,4,8,42,110,45
10.0GY,5,2,113,125,114
10.0GY,5,4,101,129,100
10.0GY,5,6,88,133,86
10.0GY,5,8,72,136,70
10.0GY,5,10,51,139,53
10.0GY,5,12,4,142,30
10.0GY,6,2,138,151,139
10.0GY,6,4,127,155,124
10.0GY,6,6,114,159,109
10.0GY,6,8,99,163,93
10.0GY,6,10,82,166,77
10.0GY,6,12,60,169,58
10.0GY,6,14,11,172,33
10.0GY,7,2,164,177,165
10.0GY,7,4,153,182,149
10.0GY,7,6,141,185,135
10.0GY,7,8,127,189,119
10.0GY,7,10,111,192,102
10.0GY,7,12,92,196,83
10.0GY,7,14,68,199,63
10.0GY,7,16,21,201,35
10.0GY,8,2,191,204,190
10.0GY,8,4,179,208,174
10.0GY,8,6,166,213,158
10.0GY,8,8,153,216,143
10.0GY,8,10,137,220,125
10.0GY,8,12,120,223,106
10.0GY,8,14,99,226,87
10.0GY,8,16,71,229,64
10.0GY,8,18,12,232,28
10.0GY,9,2,217,231,216
10.0GY,9,4,204,236,199
10.0GY,9,6,189,241,180
10.0GY,9,8,176,245,164
10.0GY,9,10,160,249,145
10.0GY,9,12,144,252,128
10.0GY,9,2,218,233,218
10.0GY,8,2,192,205,191
10.0GY,7,2,165,178,166
10.0GY,6,2,139,152,139
10.0GY,5,2,144,126,114
10.0GY,4,2,88,100,89
10.0GY,3,2,64,75,65
10.0GY,2,2,43,51,44
10.0GY,1,2,21,30,24
10.0GY,1,4,0,34,13
10.0GY,2,4,30,54,34
10.0GY,3,4,51,78,53
10.0GY,4,4,76,104,75
10.0GY,5,4,102,130,101
10.0GY,6,4,127,156,125
10.0GY,7,4,153,183,150
10.0GY,8,4,180,210,175
10.0GY,9,4,206,238,200
10.0GY,9,6,190,243,181
10.0GY,8,6,166,214,158
10.0GY,7,6,141,187,135
10.0GY,6,6,114,160,110
10.0GY,5,6,88,133,86
10.0GY,4,6,60,107,60
10.0GY,3,6,36,81,41
10.0GY,2,6,10,57,23
10.0GY,3,8,9,84,27
10.0GY,4,8,41,110,45
10.0GY,5,8,72,137,70
10.0GY,6,8,99,163,93
10.0GY,7,8,127,190,119
10.0GY,8,8,153,218,143
10.0GY,9,8,177,247,165
10.0GY,9,10,161,250,145
10.0GY,8,10,137,221,125
10.0GY,7,10,111,194,102
10.0GY,6,10,82,167,77
10.0GY,5,10,51,140,52
10.0GY,5,12,3,143,29
10.0GY,6,12,59,170,58
10.0GY,7,12,92,197,84
10.0GY,8,12,120,225,107
10.0GY,9,12,144,254,128
10.0GY,8,14,99,228,87
10.0GY,7,14,68,200,63
10.0GY,6,14,10,172,32
10.0GY,7,16,20,203,34
10.0GY,8,16,71,231,64
10.0GY,8,18,11,234,27
10.0P,1,2,43,29,43
10.0P,1,4,49,25,49
10.0P,1,6,54,19,54
10.0P,1,8,59,7,60
10.0P,2,2,62,48,60
10.0P,2,4,69,44,66
10.0P,2,6,75,40,72
10.0P,2,8,82,32,79
10.0P,2,10,89,23,85
10.0P,3,2,85,69,82
10.0P,3,4,93,64,89
10.0P,3,6,101,59,95
10.0P,3,8,109,53,102
10.0P,3,10,117,45,109
10.0P,3,12,124,33,116
10.0P,4,2,108,92,104
10.0P,4,4,117,88,111
10.0P,4,6,126,83,118
10.0P,4,8,134,78,124
10.0P,4,10,142,72,130
10.0P,4,12,150,64,137
10.0P,4,14,157,55,144
10.0P,4,16,165,44,150
10.0P,5,2,131,118,128
10.0P,5,4,141,113,134
10.0P,5,6,151,108,141
10.0P,5,8,161,103,148
10.0P,5,10,169,97,155
10.0P,5,12,178,90,162
10.0P,5,14,186,83,168
10.0P,5,16,195,74,175
10.0P,6,2,157,143,153
10.0P,6,4,166,139,160
10.0P,6,6,177,134,167
10.0P,6,8,187,129,173
10.0P,6,10,197,123,180
10.0P,6,12,206,117,187
10.0P,6,14,216,110,194
10.0P,6,16,224,102,201
10.0P,7,2,182,170,178
10.0P,7,4,193,166,185
10.0P,7,6,204,161,192
10.0P,7,8,215,155,200
10.0P,7,10,226,149,207
10.0P,7,12,235,143,214
10.0P,7,14,245,136,221
10.0P,8,2,208,197,204
10.0P,8,4,221,193,212
10.0P,8,6,232,187,219
10.0P,8,8,245,181,227
10.0P,1,2,40,23,41
10.0P,1,4,46,18,47
10.0P,1,6,52,10,54
10.0P,2,2,61,44,61
10.0P,2,4,68,39,67
10.0P,2,6,75,34,74
10.0P,2,8,82,25,81
10.0P,2,10,89,12,88
10.0P,3,2,86,66,85
10.0P,3,4,95,61,92
10.0P,3,6,102,55,99
10.0P,3,8,111,47,107
10.0P,3,10,118,38,114
10.0P,3,12,126,23,121
10.0P,4,2,110,91,109
10.0P,4,4,119,86,116
10.0P,4,6,128,80,123
10.0P,4,8,136,74,130
10.0P,4,10,144,68,136
10.0P,4,12,152,59,143
10.0P,4,14,160,48,150
10.0P,4,16,167,34,156
10.0P,5,2,134,117,134
10.0P,5,4,144,112,141
10.0P,5,6,154,106,148
10.0P,5,8,164,100,155
10.0P,5,10,172,94,162
10.0P,5,12,181,87,169
10.0P,5,14,189,78,176
10.0P,5,16,197,68,182
10.0P,5,18,205,55,189
10.0P,5,20,214,34,196
10.0P,6,2,161,142,160
10.0P,6,4,170,138,167
10.0P,6,6,181,132,174
10.0P,6,8,190,127,181
10.0P,6,10,200,121,188
10.0P,6,12,208,114,195
10.0P,6,14,218,106,202
10.0P,6,16,227,97,209
10.0P,6,18,235,88,216
10.0P,6,20,244,73,224
10.0P,6,22,253,55,232
10.0P,7,2,187,168,187
10.0P,7,4,197,164,193
10.0P,7,6,208,159,200
10.0P,7,8,219,153,208
10.0P,7,10,229,147,215
10.0P,7,12,238,140,222
10.0P,7,14,247,133,230
10.0P,8,2,212,195,213
10.0P,8,4,224,190,220
10.0P,8,6,236,185,228
10.0P,8,8,248,178,236
10.0P,9,2,240,222,241
10.0P,9,2,242,223,243
10.0P,8,2,214,196,215
10.0P,7,2,188,169,188
10.0P,6,2,162,143,161
10.0P,5,2,135,117,134
10.0P,4,2,110,91,109
10.0P,3,2,86,66,85
10.0P,2,2,61,43,60
10.0P,1,2,40,22,40
10.0P,1,4,46,17,47
10.0P,2,4,68,39,67
10.0P,3,4,95,60,92
10.0P,4,4,120,86,116
10.0P,5,4,145,112,141
10.0P,6,4,171,139,168
10.0P,7,4,199,165,195
10.0P,8,4,226,191,222
10.0P,8,6,237,186,229
10.0P,7,6,209,159,202
10.0P,6,6,182,133,175
10.0P,5,6,155,107,149
10.0P,4,6,129,80,123
10.0P,3,6,103,55,99
10.0P,2,6,74,33,74
10.0P,1,6,51,10,53
10.0P,2,8,82,24,81
10.0P,3,8,111,47,107
10.0P,4,8,137,74,130
10.0P,5,8,165,100,156
10.0P,4,8,137,74,130
10.0P,3,8,111,47,107
10.0P,2,8,82,24,81
10.0P,2,10,89,11,88
10.0P,3,10,119,38,114
10.0P,4,10,145,67,137
10.0P,5,10,173,94,163
10.0P,6,10,201,121,189
10.0P,7,10,230,147,217
10.0P,7,12,239,141,224
10.0P,6,12,210,115,196
10.0P,5,12,182,87,170
10.0P,4,12,153,59,144
10.0P,3,12,127,23,122
10.0P,4,14,161,48,151
10.0P,5,14,190,78,177
10.0P,6,14,220,106,204
10.0P,7,14,249,133,231
10.0P,6,16,228,98,211
10.0P,5,16,198,68,183
10.0P,4,16,168,33,157
10.0P,5,18,207,54,190
10.0P,6,18,236,88,218
10.0P,6,20,246,73,226
10.0P,5,20,215,33,197
10.0P,9,2,236,225,232
10.0PB,1,2,36,31,47
10.0PB,1,4,37,29,55
10.0PB,1,6,40,26,64
10.0PB,1,8,42,22,71
10.0PB,1,10,45,16,79
10.0PB,2,2,54,50,65
10.0PB,2,4,55,48,75
10.0PB,2,6,57,46,85
10.0PB,2,8,59,43,96
10.0PB,2,10,61,38,105
10.0PB,2,12,64,33,114
10.0PB,2,14,68,26,123
10.0PB,2,16,72,13,131
10.0PB,3,2,75,71,88
10.0PB,3,4,76,69,100
10.0PB,3,6,77,67,111
10.0PB,3,8,79,64,122
10.0PB,3,10,81,61,134
10.0PB,3,12,83,57,143
10.0PB,3,14,86,52,154
10.0PB,3,16,90,45,164
10.0PB,4,2,100,94,116
10.0PB,4,4,100,92,129
10.0PB,4,6,100,89,141
10.0PB,4,8,101,87,154
10.0PB,4,10,102,84,166
10.0PB,4,12,103,80,178
10.0PB,4,14,104,76,190
10.0PB,4,16,107,71,200
10.0PB,5,2,122,120,134
10.0PB,5,4,122,118,147
10.0PB,5,6,123,116,160
10.0PB,5,8,123,114,173
10.0PB,5,10,125,112,184
10.0PB,5,12,125,109,197
10.0PB,5,14,127,106,210
10.0PB,5,16,128,102,223
10.0PB,6,2,147,146,159
10.0PB,6,4,147,144,172
10.0PB,6,6,147,142,186
10.0PB,6,8,148,141,199
10.0PB,6,10,148,138,212
10.0PB,6,12,148,136,226
10.0PB,6,14,149,133,241
10.0PB,6,16,151,128,255
10.0PB,7,2,173,172,185
10.0PB,7,4,173,171,199
10.0PB,7,6,173,169,213
10.0PB,7,8,173,167,228
10.0PB,7,10,173,164,244
10.0PB,7,12,174,161,255
10.0PB,7,14,175,158,255
10.0PB,8,2,200,199,210
10.0PB,8,4,199,198,226
10.0PB,8,6,199,196,243
10.0PB,8,8,199,193,255
10.0PB,1,2,32,26,45
10.0PB,1,4,33,23,55
10.0PB,1,6,35,19,65
10.0PB,1,8,38,14,73
10.0PB,1,10,41,7,81
10.0PB,2,2,52,46,66
10.0PB,2,4,53,44,77
10.0PB,2,6,54,41,88
10.0PB,2,8,56,38,99
10.0PB,2,10,59,33,110
10.0PB,2,12,62,27,118
10.0PB,2,14,65,17,128
10.0PB,2,16,69,2,137
10.0PB,3,2,75,69,91
10.0PB,3,4,75,67,104
10.0PB,3,6,76,64,116
10.0PB,3,8,78,61,127
10.0PB,3,10,79,57,139
10.0PB,3,12,81,53,149
10.0PB,3,14,84,47,160
10.0PB,3,16,88,39,171
10.0PB,3,18,91,30,180
10.0PB,3,20,95,16,189
10.0PB,4,2,99,93,116
10.0PB,4,4,100,91,128
10.0PB,4,6,100,89,141
10.0PB,4,8,101,87,153
10.0PB,4,10,101,84,165
10.0PB,4,12,102,80,177
10.0PB,4,14,104,77,188
10.0PB,4,16,107,72,199
10.0PB,4,18,109,66,210
10.0PB,4,20,113,58,222
10.0PB,4,22,116,51,230
10.0PB,4,24,119,41,240
10.0PB,4,26,124,22,251
10.0PB,5,2,125,119,140
10.0PB,5,4,125,117,153
10.0PB,5,6,125,115,168
10.0PB,5,8,125,113,180
10.0PB,5,10,126,110,192
10.0PB,5,12,126,107,205
10.0PB,5,14,127,104,218
10.0PB,5,16,128,100,230
10.0PB,5,18,129,96,241
10.0PB,5,20,131,91,253
10.0PB,6,2,151,145,166
10.0PB,6,4,151,143,180
10.0PB,6,6,150,141,194
10.0PB,6,8,150,139,207
10.0PB,6,10,150,137,220
10.0PB,6,12,150,134,234
10.0PB,6,14,150,131,249
10.0PB,7,2,177,171,193
10.0PB,7,4,176,169,207
10.0PB,7,6,176,167,221
10.0PB,7,8,176,165,236
10.0PB,7,10,175,163,252
10.0PB,8,2,204,197,219
10.0PB,8,4,203,196,234
10.0PB,8,6,202,194,251
10.0PB,9,2,232,224,247
10.0PB,9,2,234,225,248
10.0PB,8,2,206,198,220
10.0PB,7,2,178,172,194
10.0PB,6,2,152,145,167
10.0PB,5,2,125,119,141
10.0PB,4,2,100,94,116
10.0PB,3,2,75,69,91
10.0PB,2,2,52,46,66
10.0PB,1,2,31,25,45
10.0PB,1,4,33,22,55
10.0PB,2,4,53,44,77
10.0PB,3,4,75,66,104
10.0PB,4,4,100,92,129
10.0PB,5,4,125,118,154
10.0PB,6,4,151,144,181
10.0PB,7,4,178,170,209
10.0PB,8,4,204,197,236
10.0PB,8,6,203,195,253
10.0PB,7,6,177,168,223
10.0PB,6,6,151,142,195
10.0PB,5,6,126,115,168
10.0PB,4,6,100,89,141
10.0PB,3,6,76,64,116
10.0PB,2,6,54,41,88
10.0PB,1,6,35,19,65
10.0PB,1,8,37,14,73
10.0PB,2,8,56,37,99
10.0PB,3,8,78,61,128
10.0PB,4,8,101,87,154
10.0PB,5,8,126,113,181
10.0PB,6,8,151,140,208
10.0PB,7,8,177,166,238
10.0PB,7,10,176,164,254
10.0PB,6,10,151,137,221
10.0PB,5,10,126,111,193
10.0PB,4,10,102,84,166
10.0PB,3,10,79,57,140
10.0PB,2,10,58,32,110
10.0PB,1,10,40,6,81
10.0PB,2,12,61,26,119
10.0PB,3,12,81,53,150
10.0PB,4,12,103,80,178
10.0PB,5,12,127,108,206
10.0PB,6,12,151,135,236
10.0PB,6,14,151,131,250
10.0PB,5,14,127,104,219
10.0PB,4,14,104,76,190
10.0PB,3,14,84,47,161
10.0PB,2,14,65,17,128
10.0PB,2,16,69,1,137
10.0PB,3,16,88,39,172
10.0PB,4,16,107,71,200
10.0PB,5,16,128,100,232
10.0PB,5,18,130,96,243
10.0PB,4,18,110,66,211
10.0PB,3,18,91,30,181
10.0PB,3,20,95,15,190
10.0PB,4,20,113,58,223
10.0PB,4,22,116,51,232
10.0PB,4,24,120,40,242
10.0PB,4,26,124,21,253
10.0PB,9,2,228,227,238
10.0PB,9,4,227,225,255
10.0R,1,2,48,28,29
10.0R,1,4,58,22,25
10.0R,1,6,66,12,22
10.0R,2,2,67,48,45
10.0R,2,4,78,43,38
10.0R,2,6,87,36,32
10.0R,2,8,97,27,25
10.0R,2,10,106,3,18
10.0R,3,2,91,68,63
10.0R,3,4,104,63,54
10.0R,3,6,114,57,45
10.0R,3,8,125,50,35
10.0R,3,10,134,41,23
10.0R,3,12,143,27,0
10.0R,4,2,114,92,86
10.0R,4,4,129,86,75
10.0R,4,6,141,81,65
10.0R,4,8,152,75,53
10.0R,4,10,162,68,41
10.0R,4,12,171,61,24
10.0R,5,2,138,117,111
10.0R,5,4,154,112,99
10.0R,5,6,168,106,87
10.0R,5,8,181,100,74
10.0R,5,10,192,94,59
10.0R,5,12,202,87,43
10.0R,5,14,211,80,25
10.0R,6,2,165,143,136
10.0R,6,4,181,137,123
10.0R,6,6,195,132,111
10.0R,6,8,208,127,98
10.0R,6,10,221,120,84
10.0R,6,12,232,114,68
10.0R,6,14,243,107,50
10.0R,6,16,252,100,26
10.0R,7,2,190,169,162
10.0R,7,4,208,164,149
10.0R,7,6,224,158,135
10.0R,7,8,238,152,121
10.0R,7,10,251,147,108
10.0R,7,12,255,140,91
10.0R,7,14,255,133,74
10.0R,7,16,255,126,52
10.0R,8,2,215,196,190
10.0R,8,4,237,190,174
10.0R,8,6,253,185,159
10.0R,8,8,255,179,144
10.0R,8,10,255,173,130
10.0R,8,12,255,165,112
10.0R,8,14,255,158,95
10.0R,9,2,244,224,217
10.0R,9,4,255,218,199
10.0R,9,6,255,211,183
10.0R,1,2,46,22,25
10.0R,1,4,56,14,20
10.0R,1,6,65,2,17
10.0R,2,2,67,43,44
10.0R,2,4,78,37,36
10.0R,2,6,88,30,28
10.0R,2,8,98,18,20
10.0R,3,2,92,65,64
10.0R,3,4,106,59,54
10.0R,3,6,117,53,44
10.0R,3,8,128,44,32
10.0R,3,10,137,33,20
10.0R,3,12,147,12,1
10.0R,4,2,117,90,90
10.0R,4,4,132,84,78
10.0R,4,6,144,78,66
10.0R,4,8,156,71,54
10.0R,4,10,166,63,40
10.0R,4,12,174,55,22
10.0R,5,2,142,116,116
10.0R,5,4,158,110,104
10.0R,5,6,172,104,90
10.0R,5,8,185,97,77
10.0R,5,10,196,90,61
10.0R,5,12,206,82,44
10.0R,5,14,215,75,24
10.0R,6,2,169,141,143
10.0R,6,4,185,136,130
10.0R,6,6,199,130,117
10.0R,6,8,212,124,103
10.0R,6,10,225,117,88
10.0R,6,12,236,110,72
10.0R,6,14,246,102,52
10.0R,6,16,255,95,28
10.0R,7,2,195,167,170
10.0R,7,4,212,162,156
10.0R,7,6,228,156,143
10.0R,7,8,242,150,128
10.0R,7,10,254,144,114
10.0R,8,2,220,194,199
10.0R,8,4,241,188,183
10.0R,9,2,248,221,226
10.0R,9,2,249,222,227
10.0R,9,2,250,222,228
10.0R,8,2,221,195,200
10.0R,7,2,196,168,171
10.0R,6,2,170,142,143
10.0R,5,2,143,116,117
10.0R,4,2,118,90,90
10.0R,3,2,92,65,64
10.0R,2,2,66,43,43
10.0R,1,2,46,21,24
10.0R,1,4,56,13,19
10.0R,2,4,78,37,36
10.0R,3,4,106,59,54
10.0R,4,4,133,84,78
10.0R,5,4,159,110,104
10.0R,6,4,187,136,130
10.0R,7,4,214,163,157
10.0R,8,4,242,189,184
10.0R,7,6,229,157,143
10.0R,6,6,200,131,117
10.0R,5,6,173,104,91
10.0R,4,6,145,78,66
10.0R,3,6,117,52,44
10.0R,2,6,88,29,28
10.0R,1,6,65,1,16
10.0R,2,8,98,17,20
10.0R,3,8,128,44,32
10.0R,4,8,157,71,53
10.0R,5,8,186,98,77
10.0R,6,8,214,125,104
10.0R,7,8,244,151,128
10.0R,6,10,226,118,88
10.0R,5,10,197,90,61
10.0R,4,10,167,63,39
10.0R,3,10,138,32,19
10.0R,3,12,147,12,0
10.0R,4,12,175,54,21
10.0R,5,12,208,82,44
10.0R,6,12,238,110,71
10.0R,6,14,248,103,52
10.0R,5,14,216,74,24
10.0RP,1,2,44,21,34
10.0RP,1,4,53,14,36
10.0RP,1,6,60,4,39
10.0RP,2,2,66,43,52
10.0RP,2,4,76,37,53
10.0RP,2,6,86,29,54
10.0RP,2,8,95,15,56
10.0RP,3,2,91,65,73
10.0RP,3,4,105,58,72
10.0RP,3,6,116,50,70
10.0RP,3,8,128,39,70
10.0RP,3,10,139,22,69
10.0RP,4,2,116,90,98
10.0RP,4,4,130,83,96
10.0RP,4,6,143,76,94
10.0RP,4,8,155,68,92
10.0RP,4,10,165,58,91
10.0RP,4,12,177,43,90
10.0RP,4,14,187,20,89
10.0RP,5,2,140,116,125
10.0RP,5,4,155,109,122
10.0RP,5,6,170,103,119
10.0RP,5,8,183,95,117
10.0RP,5,10,195,86,115
10.0RP,5,12,207,74,113
10.0RP,5,14,217,62,112
10.0RP,5,16,229,42,110
10.0RP,6,2,166,141,151
10.0RP,6,4,181,136,148
10.0RP,6,6,197,129,145
10.0RP,6,8,209,122,142
10.0RP,6,10,222,114,140
10.0RP,6,12,235,105,137
10.0RP,6,14,246,94,135
10.0RP,7,2,192,168,179
10.0RP,7,4,208,162,175
10.0RP,7,6,223,155,172
10.0RP,7,8,238,148,168
10.0RP,7,10,252,140,165
10.0RP,8,2,217,194,206
10.0RP,8,4,235,188,202
10.0RP,8,6,252,181,198
10.0RP,9,2,244,221,234
10.0RP,9,2,246,223,236
10.0RP,8,2,218,196,208
10.0RP,7,2,193,168,180
10.0RP,6,2,167,142,152
10.0RP,5,2,141,116,125
10.0RP,4,2,116,90,99
10.0RP,3,2,92,65,73
10.0RP,2,2,65,42,52
10.0RP,1,2,44,21,33
10.0RP,1,4,53,14,36
10.0RP,2,4,76,36,53
10.0RP,3,4,105,58,71
10.0RP,4,4,130,83,96
10.0RP,5,4,156,110,122
10.0RP,6,4,182,136,149
10.0RP,7,4,209,163,176
10.0RP,8,4,237,189,203
10.0RP,8,6,254,182,199
10.0RP,7,8,240,149,169
10.0RP,6,8,210,123,143
10.0RP,5,8,184,95,117
10.0RP,4,8,156,67,93
10.0RP,3,8,129,38,69
10.0RP,2,8,96,15,56
10.0RP,3,10,139,21,69
10.0RP,4,10,166,58,91
10.0RP,5,10,196,86,115
10.0RP,6,10,224,114,140
10.0RP,7,10,253,141,166
10.0RP,6,12,236,105,138
10.0RP,5,12,209,74,113
10.0RP,4,12,178,43,90
10.0RP,4,14,188,20,90
10.0RP,5,14,219,62,112
10.0RP,6,14,248,95,136
10.0RP,5,16,230,42,111
10.0Y,1,2,35,34,19
10.0Y,2,2,54,53,38
10.0Y,2,4,55,54,13
10.0Y,3,2,75,74,55
10.0Y,3,4,76,75,34
10.0Y,4,2,99,98,75
10.0Y,4,4,100,99,51
10.0Y,4,6,101,100,24
10.0Y,5,2,124,123,98
10.0Y,5,4,126,124,73
10.0Y,5,6,127,125,46
10.0Y,6,2,150,149,121
10.0Y,6,4,152,150,97
10.0Y,6,6,153,151,69
10.0Y,6,8,154,151,35
10.0Y,7,2,176,175,146
10.0Y,7,4,178,176,120
10.0Y,7,6,180,177,94
10.0Y,7,8,181,178,63
10.0Y,8,2,203,202,170
10.0Y,8,4,206,203,144
10.0Y,8,6,207,204,116
10.0Y,8,8,209,205,87
10.0Y,8,10,210,206,51
10.0Y,9,2,231,230,194
10.0Y,9,4,234,232,166
10.0Y,9,6,236,233,138
10.0Y,9,8,237,234,108
10.0Y,9,10,239,234,76
10.0Y,9,12,240,235,16
10.0Y,1,2,31,29,14
10.0Y,2,2,52,50,36
10.0Y,2,4,54,50,8
10.0Y,3,2,76,72,56
10.0Y,3,4,78,73,32
10.0Y,4,2,101,97,78
10.0Y,4,4,103,98,52
10.0Y,4,6,105,98,22
10.0Y,5,2,128,122,103
10.0Y,5,4,130,123,77
10.0Y,5,6,131,124,47
10.0Y,6,2,154,148,127
10.0Y,6,4,157,149,102
10.0Y,6,6,159,150,73
10.0Y,6,8,160,150,37
10.0Y,7,2,181,174,153
10.0Y,7,4,184,175,126
10.0Y,7,6,186,176,99
10.0Y,7,8,187,176,68
10.0Y,7,10,189,177,14
10.0Y,8,2,208,200,178
10.0Y,8,4,211,201,152
10.0Y,8,6,213,202,123
10.0Y,8,8,215,203,93
10.0Y,8,10,216,204,57
10.0Y,9,2,236,227,204
10.0Y,9,4,239,228,175
10.0Y,9,6,241,229,147
10.0Y,9,8,243,230,116
10.0Y,9,10,245,231,83
10.0Y,9,12,246,231,32
10.0Y,9,2,238,228,205
10.0Y,8,2,210,201,179
10.0Y,7,2,182,175,154
10.0Y,6,2,155,148,128
10.0Y,5,2,128,122,103
10.0Y,4,2,100,97,78
10.0Y,3,2,76,72,55
10.0Y,2,2,52,49,35
10.0Y,1,2,31,29,13
10.0Y,2,4,54,50,7
10.0Y,3,4,78,73,32
10.0Y,4,4,104,98,52
10.0Y,5,4,130,124,76
10.0Y,6,4,157,150,102
10.0Y,7,4,185,176,127
10.0Y,8,4,212,202,152
10.0Y,9,4,241,230,176
10.0Y,9,6,243,231,148
10.0Y,8,6,215,203,124
10.0Y,7,6,187,177,99
10.0Y,6,6,159,150,73
10.0Y,5,6,132,124,47
10.0Y,4,6,105,98,22
10.0Y,6,8,161,151,36
10.0Y,7,8,189,177,67
10.0Y,8,8,216,204,94
10.0Y,9,8,245,232,116
10.0Y,9,10,246,232,83
10.0Y,8,10,218,205,57
10.0Y,7,10,190,178,13
10.0Y,9,12,248,233,31
10.0YR,1,2,44,31,17
10.0YR,2,2,62,50,38
10.0YR,2,4,69,48,20
10.0YR,3,2,85,71,56
10.0YR,3,4,93,69,39
10.0YR,3,6,99,67,16
10.0YR,4,2,110,94,76
10.0YR,4,4,119,92,57
10.0YR,4,6,126,90,37
10.0YR,4,8,131,89,0
10.0YR,5,2,134,119,101
10.0YR,5,4,145,117,80
10.0YR,5,6,154,115,57
10.0YR,5,8,160,113,32
10.0YR,6,2,161,145,125
10.0YR,6,4,171,143,104
10.0YR,6,6,181,141,81
10.0YR,6,8,188,139,57
10.0YR,6,10,194,137,24
10.0YR,7,2,187,171,150
10.0YR,7,4,198,169,127
10.0YR,7,6,208,167,104
10.0YR,7,8,216,165,81
10.0YR,7,10,223,163,54
10.0YR,7,12,229,161,0
10.0YR,8,2,214,198,175
10.0YR,8,4,226,196,152
10.0YR,8,6,236,194,129
10.0YR,8,8,245,192,104
10.0YR,8,10,253,190,78
10.0YR,8,12,255,188,45
10.0YR,9,2,242,226,200
10.0YR,9,4,255,224,174
10.0YR,9,6,255,222,150
10.0YR,9,8,255,220,125
10.0YR,9,10,255,218,98
10.0YR,9,12,255,216,72
10.0YR,9,14,255,215,31
10.0YR,1,2,42,25,11
10.0YR,2,2,62,46,36
10.0YR,2,4,70,44,15
10.0YR,3,2,86,69,56
10.0YR,3,4,95,66,37
10.0YR,3,6,101,64,12
10.0YR,4,2,112,93,79
10.0YR,4,4,123,90,58
10.0YR,4,6,130,88,36
10.0YR,4,8,135,86,3
10.0YR,5,2,138,118,106
10.0YR,5,4,149,116,84
10.0YR,5,6,158,113,59
10.0YR,5,8,164,111,32
10.0YR,6,2,165,144,131
10.0YR,6,4,176,141,109
10.0YR,6,6,186,139,85
10.0YR,6,8,193,137,60
10.0YR,6,10,199,135,26
10.0YR,7,2,192,170,157
10.0YR,7,4,203,167,134
10.0YR,7,6,213,165,110
10.0YR,7,8,221,163,86
10.0YR,7,10,228,161,58
10.0YR,7,12,233,159,5
10.0YR,8,2,219,196,184
10.0YR,8,4,230,194,160
10.0YR,8,6,241,192,136
10.0YR,8,8,250,189,111
10.0YR,9,2,247,223,209
10.0YR,9,2,249,224,211
10.0YR,8,2,220,197,185
10.0YR,7,2,193,171,158
10.0YR,6,2,166,144,132
10.0YR,5,2,139,118,106
10.0YR,4,2,113,93,79
10.0YR,3,2,86,68,56
10.0YR,2,2,61,46,35
10.0YR,1,2,41,25,10
10.0YR,2,4,70,43,14
10.0YR,3,4,95,66,37
10.0YR,4,4,123,90,58
10.0YR,5,4,150,116,84
10.0YR,6,4,177,142,109
10.0YR,7,4,205,168,135
10.0YR,8,4,232,195,161
10.0YR,8,6,242,193,137
10.0YR,7,6,214,166,111
10.0YR,6,6,187,140,85
10.0YR,5,6,159,113,59
10.0YR,4,6,130,88,36
10.0YR,3,6,101,64,11
10.0YR,4,8,135,86,2
10.0YR,5,8,165,111,32
10.0YR,6,8,194,137,59
10.0YR,7,8,223,164,86
10.0YR,8,8,252,190,111
10.0YR,7,10,229,162,58
10.0YR,6,10,200,136,26
10.0YR,7,12,235,160,4
2.5B,1,2,19,36,41
2.5B,2,2,39,55,60
2.5B,3,2,56,77,82
2.5B,3,4,27,80,92
2.5B,4,2,79,100,105
2.5B,4,4,54,104,115
2.5B,5,2,103,126,130
2.5B,5,4,80,129,139
2.5B,5,6,45,132,149
2.5B,6,2,128,152,155
2.5B,6,4,104,156,164
2.5B,6,6,72,159,174
2.5B,7,2,153,178,181
2.5B,7,4,129,182,191
2.5B,7,6,102,186,199
2.5B,7,8,58,190,209
2.5B,8,2,180,205,208
2.5B,8,4,153,210,217
2.5B,8,6,123,215,227
2.5B,8,8,81,219,237
2.5B,1,2,12,31,39
2.5B,2,2,35,52,60
2.5B,3,2,55,75,85
2.5B,3,4,22,78,95
2.5B,4,2,80,99,110
2.5B,4,4,53,103,120
2.5B,5,2,106,125,136
2.5B,5,4,82,129,146
2.5B,5,6,43,132,155
2.5B,6,2,131,151,163
2.5B,6,4,107,155,172
2.5B,6,6,73,159,182
2.5B,7,2,158,177,190
2.5B,7,4,133,181,199
2.5B,7,6,105,185,208
2.5B,7,8,58,189,217
2.5B,8,2,185,203,217
2.5B,8,4,158,208,226
2.5B,8,6,127,213,235
2.5B,8,8,84,217,245
2.5B,9,2,211,230,245
2.5B,9,2,213,232,247
2.5B,8,2,186,204,218
2.5B,7,2,159,178,191
2.5B,6,2,132,151,164
2.5B,5,2,106,125,137
2.5B,4,2,80,100,110
2.5B,3,2,55,75,85
2.5B,2,2,35,51,60
2.5B,1,2,11,31,39
2.5B,3,4,21,78,96
2.5B,4,4,53,103,121
2.5B,5,4,82,129,146
2.5B,6,4,108,156,173
2.5B,7,4,134,182,200
2.5B,8,4,159,210,228
2.5B,8,6,128,214,237
2.5B,7,6,105,186,209
2.5B,6,6,73,160,183
2.5B,5,6,43,133,156
2.5B,7,8,58,190,219
2.5B,8,8,84,218,247
2.5B,9,2,207,233,236
2.5B,9,4,176,239,247
2.5B,9,6,141,245,255
2.5BG,1,2,21,36,35
2.5BG,2,2,40,55,53
2.5BG,2,4,14,58,54
2.5BG,3,2,58,77,74
2.5BG,3,4,31,81,75
2.5BG,4,2,79,101,97
2.5BG,4,4,54,106,97
2.5BG,5,2,102,127,121
2.5BG,5,4,80,131,121
2.5BG,5,6,50,135,121
2.5BG,6,2,126,153,146
2.5BG,6,4,102,158,145
2.5BG,6,6,75,162,145
2.5BG,6,8,8,166,146
2.5BG,7,2,151,180,172
2.5BG,7,4,129,184,171
2.5BG,7,6,103,189,170
2.5BG,7,8,65,193,170
2.5BG,8,2,176,207,198
2.5BG,8,4,152,212,197
2.5BG,8,6,126,217,196
2.5BG,8,8,92,222,195
2.5BG,8,10,23,226,195
2.5BG,9,2,202,236,225
2.5BG,9,4,176,242,224
2.5BG,9,6,144,247,223
2.5BG,9,8,106,252,222
2.5BG,1,2,15,32,31
2.5BG,2,2,37,52,52
2.5BG,2,4,8,56,54
2.5BG,3,2,57,75,76
2.5BG,3,4,28,80,77
2.5BG,4,2,80,100,101
2.5BG,4,4,54,105,102
2.5BG,5,2,105,126,127
2.5BG,5,4,82,131,127
2.5BG,5,6,51,135,127
2.5BG,6,2,130,152,153
2.5BG,6,4,105,157,153
2.5BG,6,6,78,161,152
2.5BG,6,8,19,165,153
2.5BG,7,2,156,178,180
2.5BG,7,4,133,183,179
2.5BG,7,6,108,188,178
2.5BG,7,8,69,192,178
2.5BG,8,2,181,205,207
2.5BG,8,4,158,210,205
2.5BG,8,6,131,215,205
2.5BG,8,8,98,220,204
2.5BG,8,10,36,224,204
2.5BG,9,2,207,232,234
2.5BG,9,4,182,238,233
2.5BG,9,6,150,244,232
2.5BG,9,8,113,249,231
2.5BG,9,10,61,253,231
2.5BG,9,2,208,234,236
2.5BG,8,2,182,206,208
2.5BG,7,2,157,179,181
2.5BG,6,2,131,153,154
2.5BG,5,2,106,126,127
2.5BG,4,2,80,100,101
2.5BG,3,2,57,75,76
2.5BG,2,2,37,52,52
2.5BG,1,2,15,31,31
2.5BG,2,4,8,55,53
2.5BG,3,4,28,80,77
2.5BG,4,4,54,105,102
2.5BG,5,4,82,131,127
2.5BG,6,4,106,158,153
2.5BG,7,4,134,184,180
2.5BG,8,4,159,212,207
2.5BG,9,4,183,240,235
2.5BG,9,6,151,246,233
2.5BG,8,6,132,217,206
2.5BG,7,6,108,189,179
2.5BG,6,6,78,162,153
2.5BG,5,6,51,135,127
2.5BG,6,8,18,166,154
2.5BG,7,8,69,193,179
2.5BG,8,8,98,221,205
2.5BG,9,8,114,251,233
2.5BG,8,20,35,225,205
2.5G,1,2,25,36,30
2.5G,2,2,43,55,48
2.5G,2,4,28,58,42
2.5G,3,2,62,77,67
2.5G,3,4,46,81,60
2.5G,3,6,19,84,54
2.5G,4,2,83,101,89
2.5G,4,4,67,105,81
2.5G,4,6,43,109,73
2.5G,5,2,107,126,112
2.5G,5,4,91,131,104
2.5G,5,6,72,134,95
2.5G,5,8,43,138,87
2.5G,6,2,131,153,136
2.5G,6,4,114,157,127
2.5G,6,6,96,161,117
2.5G,6,8,73,165,108
2.5G,6,10,36,168,100
2.5G,7,2,156,179,161
2.5G,7,4,139,184,151
2.5G,7,6,122,188,141
2.5G,7,8,101,192,131
2.5G,7,10,73,196,121
2.5G,7,12,32,200,119
2.5G,8,2,181,207,187
2.5G,8,4,164,212,176
2.5G,8,6,145,217,164
2.5G,8,8,125,221,154
2.5G,8,10,101,224,143
2.5G,8,12,64,228,133
2.5G,9,2,207,235,213
2.5G,9,4,189,241,200
2.5G,9,6,167,246,187
2.5G,9,8,146,251,176
2.5G,9,10,121,255,164
2.5G,1,2,20,31,26
2.5G,2,2,41,52,47
2.5G,2,4,24,55,40
2.5G,3,2,62,75,68
2.5G,3,4,45,79,61
2.5G,3,6,18,82,54
2.5G,4,2,85,100,93
2.5G,4,4,68,104,84
2.5G,4,6,43,108,75
2.5G,5,2,110,126,118
2.5G,5,4,94,130,109
2.5G,5,6,74,134,100
2.5G,5,8,46,138,91
2.5G,6,2,135,152,143
2.5G,6,4,118,157,133
2.5G,6,6,100,161,123
2.5G,6,8,78,164,114
2.5G,6,10,43,168,105
2.5G,7,2,161,178,169
2.5G,7,4,144,183,159
2.5G,7,6,128,187,149
2.5G,7,8,107,191,138
2.5G,7,10,80,195,128
2.5G,7,12,32,198,118
2.5G,8,2,186,205,195
2.5G,8,4,170,210,184
2.5G,8,6,151,215,173
2.5G,8,8,132,218,162
2.5G,8,10,109,222,152
2.5G,8,12,74,226,141
2.5G,9,2,212,232,222
2.5G,9,4,195,237,210
2.5G,9,6,174,243,196
2.5G,9,8,154,247,185
2.5G,9,10,130,251,173
2.5G,9,2,214,234,223
2.5G,8,2,187,206,197
2.5G,7,2,161,179,170
2.5G,6,2,135,153,144
2.5G,5,2,110,126,118
2.5G,4,2,85,100,93
2.5G,3,2,62,75,68
2.5G,2,2,41,51,46
2.5G,1,2,20,31,25
2.5G,2,4,24,55,40
2.5G,3,4,44,79,61
2.5G,4,4,68,105,84
2.5G,5,4,94,131,109
2.5G,6,4,119,157,134
2.5G,7,4,145,184,160
2.5G,8,4,171,211,185
2.5G,9,4,196,239,211
2.5G,9,6,175,245,197
2.5G,9,8,155,249,186
2.5G,8,8,133,220,163
2.5G,7,8,107,192,139
2.5G,6,8,78,165,115
2.5G,5,8,45,138,91
2.5G,6,10,43,169,105
2.5G,7,10,80,196,129
2.5G,8,10,109,224,152
2.5G,9,10,131,253,174
2.5G,8,12,74,228,141
2.5G,7,12,32,200,119
2.5GY,1,2,32,35,22
2.5GY,2,2,51,54,40
2.5GY,2,4,50,55,20
2.5GY,3,2,72,75,57
2.5GY,3,4,71,77,37
2.5GY,4,2,95,99,77
2.5GY,4,4,94,101,54
2.5GY,4,6,93,102,30
2.5GY,5,2,120,124,100
2.5GY,5,4,119,126,77
2.5GY,5,6,118,127,51
2.5GY,5,8,117,128,6
2.5GY,6,2,146,150,123
2.5GY,6,4,145,152,99
2.5GY,6,6,144,153,74
2.5GY,6,8,143,155,41
2.5GY,7,2,173,176,147
2.5GY,7,4,172,178,122
2.5GY,7,6,171,180,98
2.5GY,7,8,170,181,69
2.5GY,7,10,168,182,21
2.5GY,8,2,200,203,170
2.5GY,8,4,199,205,146
2.5GY,8,6,198,207,119
2.5GY,8,8,197,209,92
2.5GY,8,10,196,210,56
2.5GY,9,2,228,231,195
2.5GY,9,4,227,233,168
2.5GY,9,6,227,235,140
2.5GY,9,8,225,237,111
2.5GY,9,10,224,238,80
2.5GY,9,12,223,240,24
2.5GY,1,2,28,30,17
2.5GY,2,2,50,50,38
2.5GY,2,4,48,52,15
2.5GY,3,2,73,73,57
2.5GY,3,4,72,75,35
2.5GY,3,6,71,76,3
2.5GY,4,2,98,98,80
2.5GY,4,4,97,99,55
2.5GY,4,6,96,101,28
2.5GY,5,2,124,123,105
2.5GY,5,4,123,125,80
2.5GY,5,6,123,126,52
2.5GY,5,8,122,127,11
2.5GY,6,2,151,149,129
2.5GY,6,4,150,151,104
2.5GY,6,6,149,152,77
2.5GY,6,8,148,154,43
2.5GY,7,2,178,175,154
2.5GY,7,4,177,177,129
2.5GY,7,6,177,178,104
2.5GY,7,8,176,180,73
2.5GY,7,10,175,181,27
2.5GY,8,2,205,201,179
2.5GY,8,4,205,203,154
2.5GY,8,6,204,205,127
2.5GY,8,8,203,206,99
2.5GY,8,10,203,208,62
2.5GY,9,2,233,228,204
2.5GY,9,4,233,230,177
2.5GY,9,6,233,232,149
2.5GY,9,8,232,234,119
2.5GY,9,10,231,235,87
2.5GY,9,12,230,236,37
2.5GY,9,2,235,229,206
2.5GY,8,2,207,202,180
2.5GY,7,2,179,176,155
2.5GY,6,2,151,149,129
2.5GY,5,2,124,123,105
2.5GY,4,2,98,98,80
2.5GY,3,2,73,73,57
2.5GY,2,2,49,50,37
2.5GY,1,2,28,29,16
2.5GY,2,4,48,51,14
2.5GY,3,4,72,75,34
2.5GY,4,4,97,100,55
2.5GY,5,4,124,125,80
2.5GY,6,4,151,151,105
2.5GY,7,4,178,178,129
2.5GY,8,4,206,204,155
2.5GY,9,4,234,232,178
2.5GY,9,6,234,233,150
2.5GY,8,6,206,206,127
2.5GY,7,6,178,179,104
2.5GY,6,6,150,153,77
2.5GY,5,6,123,127,52
2.5GY,4,6,96,101,28
2.5GY,3,6,71,76,2
2.5GY,5,8,122,128,10
2.5GY,6,8,149,154,43
2.5GY,7,8,177,181,73
2.5GY,8,8,205,208,99
2.5GY,9,8,233,235,119
2.5GY,9,10,232,237,87
2.5GY,8,10,204,209,62
2.5GY,7,10,176,182,27
2.5GY,9,12,231,238,36
2.5P,1,2,38,31,46
2.5P,1,4,42,28,53
2.5P,1,6,46,24,60
2.5P,1,8,50,18,68
2.5P,2,2,56,50,64
2.5P,2,4,60,47,73
2.5P,2,6,63,44,81
2.5P,2,8,68,39,91
2.5P,2,10,72,34,99
2.5P,2,12,77,26,108
2.5P,2,14,81,13,116
2.5P,3,2,78,70,87
2.5P,3,4,81,68,98
2.5P,3,6,85,64,108
2.5P,3,8,89,61,117
2.5P,3,10,94,56,127
2.5P,3,12,98,51,136
2.5P,3,14,103,43,145
2.5P,3,16,108,34,154
2.5P,4,2,100,94,110
2.5P,4,4,104,92,121
2.5P,4,6,107,89,131
2.5P,4,8,111,86,142
2.5P,4,10,115,82,152
2.5P,4,12,120,77,162
2.5P,4,14,124,72,172
2.5P,4,16,129,66,181
2.5P,5,2,124,119,133
2.5P,5,4,128,117,145
2.5P,5,6,131,114,157
2.5P,5,8,135,111,169
2.5P,5,10,139,108,179
2.5P,5,12,143,104,190
2.5P,5,14,148,99,200
2.5P,5,16,152,94,211
2.5P,6,2,150,145,158
2.5P,6,4,153,143,170
2.5P,6,6,156,140,183
2.5P,6,8,159,137,195
2.5P,6,10,163,134,207
2.5P,6,12,167,130,219
2.5P,6,14,172,126,230
2.5P,6,16,178,120,243
2.5P,7,2,176,172,184
2.5P,7,4,179,169,197
2.5P,7,6,182,167,210
2.5P,7,8,185,164,223
2.5P,7,10,189,160,237
2.5P,7,12,193,156,251
2.5P,7,14,199,151,255
2.5P,7,16,204,147,255
2.5P,8,2,202,199,209
2.5P,8,4,205,196,224
2.5P,8,6,208,193,239
2.5P,8,8,212,190,255
2.5P,1,2,35,25,44
2.5P,1,4,38,21,53
2.5P,1,6,42,16,61
2.5P,1,8,46,9,69
2.5P,2,2,55,46,65
2.5P,2,4,58,43,75
2.5P,2,6,62,39,84
2.5P,2,8,67,34,94
2.5P,2,10,71,27,103
2.5P,2,12,76,17,112
2.5P,2,14,80,1,120
2.5P,3,2,78,68,90
2.5P,3,4,82,65,102
2.5P,3,6,85,61,113
2.5P,3,8,89,57,123
2.5P,3,10,94,51,133
2.5P,3,12,98,45,142
2.5P,3,14,103,37,152
2.5P,3,16,108,25,161
2.5P,3,18,113,4,170
2.5P,4,2,102,93,115
2.5P,4,4,106,90,127
2.5P,4,6,109,87,137
2.5P,4,8,112,83,148
2.5P,4,10,116,79,158
2.5P,4,12,121,74,169
2.5P,4,14,125,69,179
2.5P,4,16,130,62,189
2.5P,4,18,135,53,199
2.5P,4,20,140,42,209
2.5P,4,22,144,29,217
2.5P,5,2,128,118,139
2.5P,5,4,130,116,152
2.5P,5,6,133,113,164
2.5P,5,8,137,109,176
2.5P,5,10,141,106,186
2.5P,5,12,145,101,198
2.5P,5,14,149,97,208
2.5P,5,16,153,91,218
2.5P,5,18,158,86,228
2.5P,5,20,162,78,239
2.5P,5,22,167,69,250
2.5P,6,2,153,144,166
2.5P,6,4,156,142,178
2.5P,6,6,159,139,191
2.5P,6,8,162,136,203
2.5P,6,10,166,132,215
2.5P,6,12,170,128,227
2.5P,6,14,174,124,238
2.5P,6,16,179,118,251
2.5P,7,2,180,170,192
2.5P,7,4,182,168,205
2.5P,7,6,185,165,218
2.5P,7,8,188,162,231
2.5P,7,10,192,158,245
2.5P,8,2,206,196,218
2.5P,8,4,209,194,233
2.5P,8,6,211,191,248
2.5P,9,2,234,223,247
2.5P,9,2,235,225,248
2.5P,8,2,208,198,220
2.5P,7,2,181,171,193
2.5P,6,2,154,145,167
2.5P,5,2,128,119,140
2.5P,4,2,103,93,115
2.5P,3,2,78,68,90
2.5P,2,2,54,45,65
2.5P,1,2,34,24,44
2.5P,1,4,38,20,53
2.5P,2,4,58,42,75
2.5P,3,4,82,65,102
2.5P,4,4,106,90,127
2.5P,5,4,131,116,153
2.5P,6,4,157,142,179
2.5P,7,4,183,168,207
2.5P,8,4,210,195,235
2.5P,8,6,213,192,249
2.5P,7,8,189,163,233
2.5P,6,8,163,136,204
2.5P,5,8,138,110,177
2.5P,4,8,113,83,149
2.5P,3,8,89,57,123
2.5P,2,8,66,33,94
2.5P,1,8,46,8,69
2.5P,2,10,71,26,103
2.5P,3,10,94,51,133
2.5P,4,10,117,79,159
2.5P,5,10,141,106,188
2.5P,6,10,166,133,216
2.5P,7,10,193,159,247
2.5P,6,12,170,129,228
2.5P,5,12,145,102,199
2.5P,4,12,121,74,170
2.5P,3,12,99,45,143
2.5P,2,12,76,17,112
2.5P,2,14,80,0,121
2.5P,3,16,108,24,162
2.5P,4,16,130,62,190
2.5P,5,16,154,91,220
2.5P,6,16,180,118,253
2.5P,5,18,158,86,230
2.5P,4,18,135,53,200
2.5P,3,18,113,3,171
2.5P,4,20,140,41,211
2.5P,5,20,163,78,241
2.5P,5,22,168,69,252
2.5P,4,22,144,28,219
2.5P,9,2,230,227,238
2.5PB,1,2,25,34,46
2.5PB,1,4,11,35,56
2.5PB,2,2,44,53,64
2.5PB,2,4,33,54,76
2.5PB,3,2,64,74,87
2.5PB,3,4,52,75,100
2.5PB,3,6,35,76,113
2.5PB,4,2,88,98,110
2.5PB,4,4,77,99,123
2.5PB,4,6,63,100,136
2.5PB,4,8,42,101,150
2.5PB,5,2,113,123,134
2.5PB,5,4,102,124,147
2.5PB,5,6,88,125,161
2.5PB,5,8,72,126,175
2.5PB,5,10,46,127,189
2.5PB,6,2,138,148,159
2.5PB,6,4,127,150,172
2.5PB,6,6,114,151,187
2.5PB,6,8,99,152,202
2.5PB,6,10,78,153,216
2.5PB,6,12,37,154,233
2.5PB,7,2,165,175,185
2.5PB,7,4,153,176,199
2.5PB,7,6,139,178,214
2.5PB,7,8,123,179,230
2.5PB,8,2,192,202,211
2.5PB,8,4,178,203,228
2.5PB,1,2,19,29,44
2.5PB,1,4,3,30,56
2.5PB,2,2,41,50,65
2.5PB,2,4,28,50,78
2.5PB,3,2,63,72,91
2.5PB,3,4,50,73,105
2.5PB,3,6,29,74,118
2.5PB,4,2,89,97,115
2.5PB,4,4,77,98,129
2.5PB,4,6,62,99,142
2.5PB,4,8,35,100,156
2.5PB,5,2,115,122,141
2.5PB,5,4,103,123,154
2.5PB,5,6,89,124,169
2.5PB,5,8,70,125,183
2.5PB,5,10,39,126,197
2.5PB,6,2,142,147,167
2.5PB,6,4,131,149,180
2.5PB,6,6,116,150,195
2.5PB,6,8,99,151,210
2.5PB,6,10,76,152,225
2.5PB,6,12,21,154,241
2.5PB,7,2,169,173,193
2.5PB,7,4,157,175,208
2.5PB,7,6,142,176,222
2.5PB,7,8,125,178,238
2.5PB,7,10,100,179,255
2.5PB,8,2,196,199,220
2.5PB,8,4,182,201,236
2.5PB,8,6,166,203,253
2.5PB,9,2,224,226,248
2.5PB,9,2,225,228,250
2.5PB,8,2,197,201,222
2.5PB,7,2,170,174,194
2.5PB,6,2,143,148,168
2.5PB,5,2,116,122,141
2.5PB,4,2,89,97,115
2.5PB,3,2,63,72,91
2.5PB,2,2,41,49,65
2.5PB,1,2,19,29,44
2.5PB,1,4,2,29,56
2.5PB,2,4,27,50,78
2.5PB,3,4,49,73,105
2.5PB,4,4,77,98,129
2.5PB,5,4,104,124,155
2.5PB,6,4,131,150,181
2.5PB,7,4,157,176,209
2.5PB,8,4,184,202,238
2.5PB,7,6,143,177,224
2.5PB,6,6,116,151,196
2.5PB,5,6,89,125,170
2.5PB,4,6,61,99,143
2.5PB,3,6,28,74,118
2.5PB,4,8,35,100,157
2.5PB,5,8,70,126,184
2.5PB,6,8,99,152,211
2.5PB,7,8,126,179,240
2.5PB,6,10,76,153,226
2.5PB,5,10,39,127,198
2.5PB,6,12,20,154,243
2.5PB,9,2,220,230,239
2.5PB,9,4,203,232,255
2.5R,1,2,48,28,35
2.5R,1,4,56,22,36
2.5R,1,6,63,12,37
2.5R,2,2,67,47,51
2.5R,2,4,77,42,50
2.5R,2,6,86,35,49
2.5R,2,8,96,24,49
2.5R,3,2,91,68,69
2.5R,3,4,104,62,66
2.5R,3,6,115,55,63
2.5R,3,8,127,46,60
2.5R,3,10,137,32,58
2.5R,4,2,114,92,92
2.5R,4,4,128,86,88
2.5R,4,6,141,79,85
2.5R,4,8,153,72,81
2.5R,4,10,164,63,78
2.5R,4,12,174,52,75
2.5R,4,14,186,35,72
2.5R,5,2,137,117,117
2.5R,5,4,153,111,113
2.5R,5,6,167,105,108
2.5R,5,8,180,98,103
2.5R,5,10,193,90,99
2.5R,5,12,206,80,95
2.5R,5,14,216,70,92
2.5R,5,16,227,54,89
2.5R,6,2,163,143,143
2.5R,6,4,179,137,138
2.5R,6,6,194,131,132
2.5R,6,8,207,125,127
2.5R,6,10,221,117,123
2.5R,6,12,234,108,118
2.5R,6,14,246,99,114
2.5R,6,16,255,87,110
2.5R,7,2,189,169,169
2.5R,7,4,205,164,163
2.5R,7,6,221,157,158
2.5R,7,8,237,151,152
2.5R,7,10,251,143,147
2.5R,7,12,255,134,141
2.5R,7,14,255,124,136
2.5R,7,16,255,113,132
2.5R,8,2,213,197,196
2.5R,8,4,233,190,189
2.5R,8,6,251,184,184
2.5R,8,8,255,176,177
2.5R,8,10,255,168,171
2.5R,9,2,241,224,224
2.5R,9,4,255,217,216
2.5R,9,6,255,210,209
2.5R,1,2,45,21,31
2.5R,1,4,54,14,33
2.5R,1,6,62,3,34
2.5R,2,2,66,43,50
2.5R,2,4,77,36,49
2.5R,2,6,87,28,49
2.5R,2,8,98,14,49
2.5R,3,2,92,65,71
2.5R,3,4,106,58,67
2.5R,3,6,117,50,64
2.5R,3,8,129,39,61
2.5R,3,10,140,21,58
2.5R,4,2,116,90,96
2.5R,4,4,131,83,92
2.5R,4,6,144,76,88
2.5R,4,8,156,68,84
2.5R,4,10,167,57,81
2.5R,4,12,178,44,78
2.5R,4,14,189,18,75
2.5R,5,2,141,116,123
2.5R,5,4,156,109,118
2.5R,5,6,171,102,113
2.5R,5,8,184,95,108
2.5R,5,10,197,86,104
2.5R,5,12,209,74,100
2.5R,5,14,219,62,97
2.5R,5,16,231,42,93
2.5R,6,2,167,141,150
2.5R,6,4,183,135,145
2.5R,6,6,198,129,139
2.5R,6,8,211,122,134
2.5R,6,10,224,114,129
2.5R,6,12,237,104,124
2.5R,6,14,249,94,120
2.5R,7,2,193,167,177
2.5R,7,4,209,162,171
2.5R,7,6,225,155,165
2.5R,7,8,240,148,160
2.5R,8,2,218,194,205
2.5R,8,4,237,188,198
2.5R,8,6,254,181,192
2.5R,9,2,245,221,233
2.5R,1,2,45,21,31
2.5R,2,2,66,42,50
2.5R,3,2,92,65,71
2.5R,4,2,117,90,96
2.5R,5,2,141,116,124
2.5R,6,2,168,142,150
2.5R,7,2,194,168,178
2.5R,8,2,219,195,206
2.5R,9,2,246,223,235
2.5R,1,4,54,13,32
2.5R,2,4,77,36,49
2.5R,3,4,106,58,67
2.5R,4,4,131,83,92
2.5R,5,4,157,110,118
2.5R,6,4,184,136,145
2.5R,7,4,211,162,172
2.5R,8,4,239,189,199
2.5R,7,6,227,156,166
2.5R,6,6,199,129,139
2.5R,5,6,172,103,113
2.5R,4,6,145,76,88
2.5R,3,6,118,50,64
2.5R,2,6,87,28,48
2.5R,1,6,62,2,34
2.5R,2,8,98,13,48
2.5R,3,8,130,38,60
2.5R,4,8,157,67,84
2.5R,5,8,185,95,109
2.5R,6,8,212,123,135
2.5R,7,8,242,149,161
2.5R,6,10,226,114,129
2.5R,5,10,198,86,104
2.5R,4,10,168,57,81
2.5R,3,10,141,21,58
2.5R,4,12,179,43,77
2.5R,5,12,211,74,100
2.5R,6,12,239,105,125
2.5R,6,14,251,94,121
2.5R,5,14,221,62,97
2.5R,4,14,190,18,75
2.5R,5,16,232,42,94
2.5RP,1,2,44,29,42
2.5RP,1,4,50,24,47
2.5RP,1,6,56,18,52
2.5RP,2,2,64,48,58
2.5RP,2,4,71,43,63
2.5RP,2,6,78,38,67
2.5RP,2,8,87,30,73
2.5RP,2,10,94,17,78
2.5RP,3,2,87,68,79
2.5RP,3,4,97,63,84
2.5RP,3,6,106,57,89
2.5RP,3,8,115,50,94
2.5RP,3,10,124,40,99
2.5RP,3,12,132,26,104
2.5RP,4,2,109,92,102
2.5RP,4,4,120,87,106
2.5RP,4,6,131,82,111
2.5RP,4,8,140,75,116
2.5RP,4,10,149,69,120
2.5RP,4,12,158,60,125
2.5RP,4,14,167,49,130
2.5RP,4,16,175,34,135
2.5RP,5,2,133,117,126
2.5RP,5,4,144,113,130
2.5RP,5,6,156,107,135
2.5RP,5,8,168,100,140
2.5RP,5,10,177,94,144
2.5RP,5,12,187,86,149
2.5RP,5,14,197,77,154
2.5RP,5,16,206,67,159
2.5RP,6,2,159,143,151
2.5RP,6,4,170,139,155
2.5RP,6,6,183,133,160
2.5RP,6,8,193,127,164
2.5RP,6,10,204,121,169
2.5RP,6,12,215,114,174
2.5RP,6,14,226,106,179
2.5RP,6,16,236,96,184
2.5RP,7,2,184,170,176
2.5RP,7,4,197,165,180
2.5RP,7,6,210,159,185
2.5RP,7,8,223,153,190
2.5RP,7,10,234,147,195
2.5RP,7,12,246,140,200
2.5RP,8,2,209,197,203
2.5RP,8,4,224,192,207
2.5RP,8,6,239,186,211
2.5RP,1,2,41,22,39
2.5RP,1,4,48,17,45
2.5RP,1,6,54,9,51
2.5RP,2,2,63,43,58
2.5RP,2,4,71,38,63
2.5RP,2,6,78,32,68
2.5RP,2,8,87,22,74
2.5RP,2,10,95,4,80
2.5RP,3,2,88,65,82
2.5RP,3,4,98,59,87
2.5RP,3,6,108,53,92
2.5RP,3,8,117,44,97
2.5RP,3,10,126,32,103
2.5RP,3,12,134,12,108
2.5RP,4,2,112,90,106
2.5RP,4,4,123,85,111
2.5RP,4,6,133,79,116
2.5RP,4,8,143,72,121
2.5RP,4,10,152,64,126
2.5RP,4,12,161,54,131
2.5RP,4,14,169,40,136
2.5RP,4,16,178,18,141
2.5RP,5,2,136,116,132
2.5RP,5,4,148,111,136
2.5RP,5,6,159,105,141
2.5RP,5,8,171,98,147
2.5RP,5,10,180,91,151
2.5RP,5,12,190,82,156
2.5RP,5,14,200,72,161
2.5RP,5,16,208,60,166
2.5RP,5,18,217,42,171
2.5RP,5,20,226,2,176
2.5RP,6,2,163,142,158
2.5RP,6,4,174,137,162
2.5RP,6,6,186,131,167
2.5RP,6,8,197,125,172
2.5RP,6,10,207,119,176
2.5RP,6,12,218,111,181
2.5RP,6,14,228,101,186
2.5RP,6,16,239,91,192
2.5RP,6,18,248,79,197
2.5RP,7,2,188,168,185
2.5RP,7,4,201,163,189
2.5RP,7,6,214,157,194
2.5RP,7,8,226,151,198
2.5RP,7,10,237,144,203
2.5RP,7,12,248,136,208
2.5RP,8,2,214,195,211
2.5RP,8,4,228,189,216
2.5RP,8,6,242,183,220
2.5RP,9,2,241,222,239
2.5RP,9,2,243,223,241
2.5RP,8,2,215,196,213
2.5RP,7,2,189,169,186
2.5RP,6,2,164,142,159
2.5RP,5,2,137,117,132
2.5RP,4,2,112,90,106
2.5RP,3,2,88,65,82
2.5RP,2,2,63,43,58
2.5RP,1,2,41,22,39
2.5RP,1,4,48,16,45
2.5RP,2,4,71,38,63
2.5RP,3,4,99,59,87
2.5RP,4,4,123,85,111
2.5RP,5,4,149,111,137
2.5RP,6,4,175,138,163
2.5RP,7,4,202,164,190
2.5RP,8,4,229,191,217
2.5RP,8,6,244,184,222
2.5RP,7,6,215,158,195
2.5RP,6,6,187,132,168
2.5RP,5,6,160,105,142
2.5RP,4,6,134,79,117
2.5RP,3,6,108,53,92
2.5RP,2,6,78,32,68
2.5RP,1,6,54,8,51
2.5RP,2,8,87,21,74
2.5RP,3,8,117,44,97
2.5RP,4,8,144,72,122
2.5RP,4,8,172,98,147
2.5RP,6,8,198,126,173
2.5RP,7,8,227,151,200
2.5RP,7,10,238,145,204
2.5RP,6,10,208,119,177
2.5RP,5,10,181,91,152
2.5RP,4,10,153,64,126
2.5RP,3,10,126,32,103
2.5RP,2,10,95,3,80
2.5RP,3,12,135,11,108
2.5RP,4,12,162,53,131
2.5RP,5,12,191,82,157
2.5RP,6,12,219,111,182
2.5RP,7,12,250,137,209
2.5RP,6,14,230,102,188
2.5RP,5,14,201,72,162
2.5RP,4,14,170,40,136
2.5RP,4,16,179,17,141
2.5RP,5,16,210,59,167
2.5RP,6,16,240,91,193
2.5RP,6,18,250,78,198
2.5RP,5,18,219,41,172
2.5RP,5,20,228,0,177
2.5RP,9,2,237,225,231
2.5Y,1,2,42,32,16
2.5Y,2,2,60,51,37
2.5Y,2,4,66,50,15
2.5Y,3,2,82,72,55
2.5Y,3,4,89,71,36
2.5Y,3,6,94,70,1
2.5Y,4,2,107,95,75
2.5Y,4,4,115,94,54
2.5Y,4,6,120,93,32
2.5Y,5,2,132,120,99
2.5Y,5,4,140,119,76
2.5Y,5,6,147,118,51
2.5Y,5,8,152,116,21
2.5Y,6,2,158,146,122
2.5Y,6,4,166,145,100
2.5Y,6,6,174,143,75
2.5Y,6,8,180,142,48
2.5Y,7,2,184,173,147
2.5Y,7,4,194,171,123
2.5Y,7,6,202,170,99
2.5Y,7,8,208,169,73
2.5Y,7,10,213,167,40
2.5Y,8,2,211,200,172
2.5Y,8,4,220,198,148
2.5Y,8,6,229,197,123
2.5Y,8,8,236,196,97
2.5Y,8,10,242,194,68
2.5Y,8,12,247,193,20
2.5Y,9,2,240,227,198
2.5Y,1,2,39,27,9
2.5Y,2,2,59,47,34
2.5Y,2,4,66,46,10
2.5Y,3,2,84,70,55
2.5Y,3,4,91,68,34
2.5Y,3,6,96,67,4
2.5Y,4,2,110,94,78
2.5Y,4,4,118,92,55
2.5Y,4,6,124,91,30
2.5Y,5,2,136,119,104
2.5Y,5,4,145,118,80
2.5Y,5,6,152,116,53
2.5Y,5,8,157,115,21
2.5Y,6,2,162,145,129
2.5Y,6,4,171,144,105
2.5Y,6,6,179,142,79
2.5Y,6,8,185,141,50
2.5Y,7,2,189,171,155
2.5Y,7,4,199,169,130
2.5Y,7,6,207,168,105
2.5Y,7,8,213,167,78
2.5Y,7,10,219,165,44
2.5Y,8,2,216,197,181
2.5Y,8,4,225,196,156
2.5Y,8,6,234,195,130
2.5Y,8,8,241,193,104
2.5Y,8,10,247,192,74
2.5Y,8,12,252,191,30
2.5Y,9,2,244,224,207
2.5Y,9,4,254,223,179
2.5Y,9,2,246,226,208
2.5Y,8,2,217,198,182
2.5Y,7,2,190,172,155
2.5Y,6,2,163,146,129
2.5Y,5,2,137,120,104
2.5Y,4,2,110,94,78
2.5Y,3,2,84,70,55
2.5Y,2,2,59,47,34
2.5Y,1,2,38,26,8
2.5Y,2,4,66,45,9
2.5Y,3,4,91,68,34
2.5Y,4,4,118,92,54
2.5Y,5,4,145,118,80
2.5Y,6,4,172,144,105
2.5Y,7,4,200,170,131
2.5Y,8,4,227,197,157
2.5Y,8,6,236,196,131
2.5Y,7,6,208,169,105
2.5Y,6,6,180,143,79
2.5Y,5,6,153,116,52
2.5Y,4,6,124,91,30
2.5Y,3,6,96,67,3
2.5Y,5,8,158,115,21
2.5Y,6,8,187,141,50
2.5Y,7,8,215,168,78
2.5Y,8,8,243,194,104
2.5Y,8,10,249,193,74
2.5Y,7,10,220,166,43
2.5Y,8,12,254,192,29
2.5YR,1,2,48,29,26
2.5YR,1,4,58,22,18
2.5YR,1,6,65,14,11
2.5YR,2,2,66,48,43
2.5YR,2,4,77,43,34
2.5YR,2,6,86,38,24
2.5YR,3,2,90,69,61
2.5YR,3,4,102,64,50
2.5YR,3,6,112,59,37
2.5YR,3,8,120,54,21
2.5YR,4,2,114,92,84
2.5YR,4,4,128,87,70
2.5YR,4,6,138,83,57
2.5YR,4,8,148,78,42
2.5YR,4,10,156,74,22
2.5YR,5,2,138,117,108
2.5YR,5,4,153,113,94
2.5YR,5,6,166,108,79
2.5YR,5,8,177,103,63
2.5YR,5,10,187,98,46
2.5YR,5,12,194,94,22
2.5YR,6,2,165,143,133
2.5YR,6,4,180,138,118
2.5YR,6,6,194,134,103
2.5YR,6,8,206,129,88
2.5YR,6,10,217,124,70
2.5YR,6,12,226,119,50
2.5YR,6,14,234,114,18
2.5YR,7,2,191,169,159
2.5YR,7,4,207,165,143
2.5YR,7,6,222,160,127
2.5YR,7,8,235,155,111
2.5YR,7,10,247,150,95
2.5YR,8,2,216,197,187
2.5YR,8,4,236,191,168
2.5YR,8,6,251,186,151
2.5YR,8,8,255,181,133
2.5YR,8,10,255,176,115
2.5YR,8,12,255,171,95
2.5YR,8,14,255,165,72
2.5YR,8,16,255,161,48
2.5YR,9,2,245,224,213
2.5YR,9,4,255,218,193
2.5YR,9,6,255,213,173
2.5YR,1,2,46,22,21
2.5YR,1,4,57,14,12
2.5YR,1,6,65,4,5
2.5YR,2,2,66,44,42
2.5YR,2,4,78,38,31
2.5YR,2,6,87,32,20
2.5YR,2,8,96,22,2
2.5YR,3,2,91,66,62
2.5YR,3,4,104,61,49
2.5YR,3,6,114,55,35
2.5YR,3,8,123,49,18
2.5YR,4,2,117,90,87
2.5YR,4,4,131,85,73
2.5YR,4,6,142,80,58
2.5YR,4,8,152,75,42
2.5YR,4,10,160,69,20
2.5YR,5,2,142,116,113
2.5YR,5,4,157,111,99
2.5YR,5,6,170,106,83
2.5YR,5,8,182,100,65
2.5YR,5,10,191,95,46
2.5YR,5,12,198,90,21
2.5YR,6,2,169,141,139
2.5YR,6,4,184,137,125
2.5YR,6,6,198,132,109
2.5YR,6,8,210,126,93
2.5YR,6,10,221,121,74
2.5YR,6,12,230,116,52
2.5YR,6,14,238,111,21
2.5YR,7,2,195,168,167
2.5YR,7,4,211,163,151
2.5YR,7,6,226,158,134
2.5YR,7,8,239,152,117
2.5YR,7,10,250,147,100
2.5YR,8,2,221,194,195
2.5YR,8,4,240,189,176
2.5YR,8,6,255,184,159
2.5YR,9,2,249,221,223
2.5YR,9,2,251,222,224
2.5YR,8,2,222,195,197
2.5YR,7,2,196,168,168
2.5YR,6,2,170,142,140
2.5YR,5,2,143,116,114
2.5YR,4,2,117,90,87
2.5YR,3,2,92,66,62
2.5YR,2,2,66,43,41
2.5YR,1,2,45,22,21
2.5YR,1,4,56,14,11
2.5YR,2,4,78,38,31
2.5YR,3,4,104,61,49
2.5YR,4,4,132,85,72
2.5YR,5,4,158,111,99
2.5YR,6,4,185,137,125
2.5YR,7,4,213,164,152
2.5YR,8,4,242,190,177
2.5YR,7,6,228,158,135
2.5YR,6,6,199,132,109
2.5YR,5,6,171,106,83
2.5YR,4,6,143,80,58
2.5YR,3,6,115,55,35
2.5YR,2,6,87,31,19
2.5YR,1,6,64,3,4
2.5YR,2,8,96,22,1
2.5YR,3,8,123,49,17
2.5YR,4,8,153,75,42
2.5YR,5,8,183,100,65
2.5YR,6,8,211,127,93
2.5YR,7,8,241,153,118
2.5YR,7,10,252,148,101
2.5YR,6,10,223,121,74
2.5YR,5,10,193,95,46
2.5YR,4,10,161,69,20
2.5YR,5,12,200,90,21
2.5YR,6,12,232,116,52
2.5YR,6,14,239,111,20
5.0B,1,2,19,36,43
5.0B,2,2,39,55,61
5.0B,2,4,10,57,71
5.0B,3,2,57,76,84
5.0B,3,4,31,79,95
5.0B,4,2,80,100,107
5.0B,4,4,58,103,118
5.0B,4,6,16,105,129
5.0B,5,2,105,125,131
5.0B,5,4,84,128,142
5.0B,5,6,55,131,154
5.0B,6,2,130,151,157
5.0B,6,4,109,154,168
5.0B,6,6,81,158,180
5.0B,6,8,30,160,192
5.0B,7,2,156,177,183
5.0B,7,4,134,181,194
5.0B,7,6,108,185,206
5.0B,7,8,72,188,218
5.0B,8,2,183,204,209
5.0B,8,4,158,209,222
5.0B,8,6,131,212,234
5.0B,1,2,12,31,41
5.0B,2,2,36,51,61
5.0B,2,4,3,54,72
5.0B,3,2,56,74,87
5.0B,3,4,26,77,99
5.0B,4,2,81,99,112
5.0B,4,4,57,102,123
5.0B,4,6,7,105,135
5.0B,5,2,107,124,138
5.0B,5,4,85,128,149
5.0B,5,6,53,131,161
5.0B,6,2,134,150,164
5.0B,6,4,112,154,175
5.0B,6,6,82,157,188
5.0B,6,8,25,160,200
5.0B,7,2,160,176,191
5.0B,7,4,138,180,203
5.0B,7,6,111,183,214
5.0B,7,8,72,187,226
5.0B,8,2,188,202,218
5.0B,8,4,163,207,230
5.0B,8,6,135,210,243
5.0B,9,2,214,229,247
5.0B,9,2,215,231,248
5.0B,8,2,189,203,220
5.0B,7,2,161,177,192
5.0B,6,2,134,151,165
5.0B,5,2,108,125,138
5.0B,4,2,81,99,112
5.0B,3,2,56,74,87
5.0B,2,2,35,51,61
5.0B,1,2,11,30,40
5.0B,2,4,2,53,72
5.0B,3,4,26,77,99
5.0B,4,4,57,102,124
5.0B,5,4,85,128,150
5.0B,6,4,112,154,176
5.0B,7,4,138,181,204
5.0B,8,4,164,208,232
5.0B,8,6,135,212,245
5.0B,7,6,111,184,216
5.0B,6,6,82,158,189
5.0B,5,6,53,131,162
5.0B,4,6,7,105,135
5.0B,6,8,24,161,201
5.0B,7,8,72,188,228
5.0B,9,2,209,232,238
5.0B,9,4,181,238,252
5.0BG,1,2,20,36,37
5.0BG,2,2,39,55,55
5.0BG,2,4,8,58,58
5.0BG,3,2,57,77,76
5.0BG,3,4,28,81,80
5.0BG,4,2,78,101,99
5.0BG,4,4,53,105,102
5.0BG,5,2,102,127,124
5.0BG,5,4,78,131,126
5.0BG,5,6,45,135,129
5.0BG,6,2,126,153,149
5.0BG,6,4,101,158,151
5.0BG,6,6,70,162,154
5.0BG,7,2,150,179,175
5.0BG,7,4,127,184,176
5.0BG,7,6,101,188,178
5.0BG,7,8,57,193,181
5.0BG,8,2,176,207,201
5.0BG,8,4,152,212,202
5.0BG,8,6,123,217,204
5.0BG,8,8,84,221,206
5.0BG,9,2,202,235,228
5.0BG,9,4,175,241,229
5.0BG,9,6,141,247,231
5.0BG,9,8,99,252,232
5.0BG,1,2,14,32,34
5.0BG,2,2,36,52,55
5.0BG,2,4,4,55,58
5.0BG,3,2,56,75,78
5.0BG,3,4,24,80,82
5.0BG,4,2,80,100,104
5.0BG,4,4,52,105,107
5.0BG,5,2,104,126,130
5.0BG,5,4,80,130,132
5.0BG,5,6,45,134,135
5.0BG,6,2,129,152,156
5.0BG,6,4,104,157,158
5.0BG,6,6,72,161,161
5.0BG,7,2,155,178,183
5.0BG,7,4,131,183,185
5.0BG,7,6,105,187,186
5.0BG,7,8,60,192,189
5.0BG,8,2,181,205,210
5.0BG,8,4,157,210,211
5.0BG,8,6,129,215,213
5.0BG,8,8,89,219,215
5.0BG,9,2,207,232,237
5.0BG,9,4,180,238,238
5.0BG,9,6,147,244,240
5.0BG,9,8,105,249,241
5.0BG,9,10,37,253,243
5.0BG,9,2,208,234,239
5.0BG,8,2,182,206,211
5.0BG,7,2,156,179,184
5.0BG,6,2,130,153,157
5.0BG,5,2,105,126,130
5.0BG,4,2,80,100,104
5.0BG,3,2,56,75,78
5.0BG,2,2,36,52,54
5.0BG,1,2,13,31,33
5.0BG,2,4,3,55,58
5.0BG,3,4,24,80,82
5.0BG,4,4,52,105,107
5.0BG,5,4,80,131,133
5.0BG,6,4,104,158,159
5.0BG,7,4,132,184,186
5.0BG,8,4,158,211,212
5.0BG,9,4,181,240,240
5.0BG,9,6,148,246,241
5.0BG,8,6,129,216,214
5.0BG,7,6,105,189,188
5.0BG,6,6,72,162,162
5.0BG,5,6,45,135,136
5.0BG,7,8,60,193,190
5.0BG,8,8,89,221,216
5.0BG,9,8,105,251,243
5.0BG,9,10,22,255,234
5.0G,1,2,24,36,31
5.0G,2,2,42,55,49
5.0G,2,4,25,58,45
5.0G,3,2,61,77,69
5.0G,3,4,42,81,64
5.0G,4,2,82,101,91
5.0G,4,4,63,105,85
5.0G,4,6,34,109,80
5.0G,5,2,105,127,115
5.0G,5,4,87,131,109
5.0G,5,6,63,135,104
5.0G,5,8,10,139,98
5.0G,6,2,129,153,139
5.0G,6,4,109,158,133
5.0G,6,6,87,162,127
5.0G,6,8,57,165,122
5.0G,7,2,154,180,165
5.0G,7,4,134,184,158
5.0G,7,6,114,189,152
5.0G,7,8,88,193,146
5.0G,7,10,43,197,140
5.0G,8,2,179,207,191
5.0G,8,4,159,212,183
5.0G,8,6,136,217,176
5.0G,8,8,110,222,170
5.0G,8,10,75,226,164
5.0G,9,2,205,236,217
5.0G,9,4,183,241,209
5.0G,9,6,157,247,200
5.0G,9,8,129,252,193
5.0G,1,2,19,31,27
5.0G,2,2,40,52,48
5.0G,2,4,21,55,44
5.0G,3,2,60,75,70
5.0G,3,4,40,79,65
5.0G,4,2,84,100,95
5.0G,4,4,63,105,89
5.0G,4,6,33,109,84
5.0G,5,2,108,126,121
5.0G,5,4,89,130,114
5.0G,5,6,66,135,109
5.0G,5,8,19,138,103
5.0G,6,2,133,152,146
5.0G,6,4,113,157,139
5.0G,6,6,91,161,133
5.0G,6,8,62,165,128
5.0G,7,2,158,178,173
5.0G,7,4,139,183,166
5.0G,7,6,119,188,160
5.0G,7,8,93,192,154
5.0G,7,10,51,196,148
5.0G,8,2,184,205,199
5.0G,8,4,165,210,192
5.0G,8,6,142,215,184
5.0G,8,8,117,220,178
5.0G,8,10,83,224,172
5.0G,9,2,210,232,226
5.0G,9,4,189,238,218
5.0G,9,6,163,244,209
5.0G,9,8,137,249,203
5.0G,9,2,211,234,228
5.0G,8,2,185,206,201
5.0G,7,2,159,179,174
5.0G,6,2,133,153,147
5.0G,5,2,109,126,121
5.0G,4,2,84,100,95
5.0G,3,2,60,75,70
5.0G,2,2,40,52,48
5.0G,1,2,18,31,27
5.0G,2,4,20,55,43
5.0G,3,4,40,79,65
5.0G,4,4,63,105,89
5.0G,5,4,89,131,115
5.0G,6,4,113,158,140
5.0G,7,4,140,184,167
5.0G,8,4,166,211,193
5.0G,9,4,190,240,219
5.0G,9,6,164,246,211
5.0G,8,6,143,217,186
5.0G,7,6,120,189,160
5.0G,6,6,91,162,134
5.0G,5,6,65,135,109
5.0G,4,6,33,109,84
5.0G,5,8,19,139,104
5.0G,6,8,61,166,129
5.0G,7,8,93,193,154
5.0G,8,8,117,221,179
5.0G,9,8,137,250,204
5.0G,8,10,83,225,173
5.0G,7,10,51,197,149
5.0GY,1,2,31,35,24
5.0GY,2,2,49,54,42
5.0GY,2,4,45,56,25
5.0GY,3,2,70,76,59
5.0GY,3,4,65,78,41
5.0GY,3,6,61,80,19
5.0GY,4,2,93,99,79
5.0GY,4,4,89,102,59
5.0GY,4,6,84,104,37
5.0GY,5,2,117,124,102
5.0GY,5,4,113,127,82
5.0GY,5,6,109,129,59
5.0GY,5,8,104,131,29
5.0GY,6,2,143,150,124
5.0GY,6,4,139,153,103
5.0GY,6,6,135,155,80
5.0GY,6,8,130,157,53
5.0GY,7,2,170,177,148
5.0GY,7,4,165,180,126
5.0GY,7,6,162,182,104
5.0GY,7,8,157,184,78
5.0GY,7,10,153,186,43
5.0GY,8,2,197,204,172
5.0GY,8,4,194,207,149
5.0GY,8,6,189,209,125
5.0GY,8,8,185,211,100
5.0GY,8,10,181,214,70
5.0GY,8,12,176,215,8
5.0GY,9,2,225,232,197
5.0GY,9,4,221,235,170
5.0GY,9,6,217,238,144
5.0GY,9,8,213,240,117
5.0GY,9,10,209,242,88
5.0GY,9,12,205,244,46
5.0GY,1,2,26,30,19
5.0GY,2,2,48,51,40
5.0GY,2,4,43,53,21
5.0GY,3,2,70,74,59
5.0GY,3,4,66,76,40
5.0GY,3,6,61,78,15
5.0GY,4,2,95,98,82
5.0GY,4,4,91,101,60
5.0GY,4,6,87,103,36
5.0GY,5,2,121,124,107
5.0GY,5,4,117,126,85
5.0GY,5,6,113,129,61
5.0GY,5,8,109,131,30
5.0GY,6,2,148,149,131
5.0GY,6,4,144,152,108
5.0GY,6,6,140,155,85
5.0GY,6,8,136,157,56
5.0GY,6,10,132,158,7
5.0GY,7,2,175,175,156
5.0GY,7,4,171,178,133
5.0GY,7,6,167,181,110
5.0GY,7,8,164,183,83
5.0GY,7,10,160,185,48
5.0GY,8,2,202,202,181
5.0GY,8,4,199,204,157
5.0GY,8,6,196,207,132
5.0GY,8,8,192,209,107
5.0GY,8,10,188,211,76
5.0GY,8,12,184,213,25
5.0GY,9,2,230,229,206
5.0GY,9,4,227,232,179
5.0GY,9,6,224,234,153
5.0GY,9,8,220,237,125
5.0GY,9,10,216,239,95
5.0GY,9,12,212,241,55
5.0GY,9,2,231,230,207
5.0GY,8,2,203,203,182
5.0GY,7,2,176,176,157
5.0GY,6,2,148,150,131
5.0GY,5,2,122,124,107
5.0GY,4,2,95,98,82
5.0GY,3,2,70,74,59
5.0GY,2,2,47,50,39
5.0GY,1,2,26,30,19
5.0GY,2,4,42,53,21
5.0GY,3,4,66,76,39
5.0GY,4,4,91,101,60
5.0GY,5,4,118,127,85
5.0GY,6,4,145,153,109
5.0GY,7,4,172,179,133
5.0GY,8,4,201,206,158
5.0GY,9,4,229,233,180
5.0GY,9,6,225,236,154
5.0GY,8,6,197,208,133
5.0GY,7,6,168,182,110
5.0GY,6,6,141,155,85
5.0GY,5,6,113,129,60
5.0GY,4,6,87,103,36
5.0GY,3,6,61,78,15
5.0GY,5,8,109,131,29
5.0GY,6,8,136,158,55
5.0GY,7,8,165,184,83
5.0GY,8,8,193,211,107
5.0GY,9,8,221,238,126
5.0GY,9,10,218,240,96
5.0GY,8,10,189,213,75
5.0GY,7,10,160,186,47
5.0GY,6,10,132,159,6
5.0GY,8,12,185,215,24
5.0GY,9,12,214,242,54
5.0P,1,2,41,30,45
5.0P,1,4,45,26,52
5.0P,1,6,49,22,58
5.0P,1,8,54,15,64
5.0P,2,2,58,49,63
5.0P,2,4,63,46,71
5.0P,2,6,68,42,78
5.0P,2,8,74,37,87
5.0P,2,10,79,30,94
5.0P,2,12,84,20,102
5.0P,3,2,80,70,86
5.0P,3,4,86,66,95
5.0P,3,6,91,62,104
5.0P,3,8,97,58,113
5.0P,3,10,103,52,122
5.0P,3,12,108,45,130
5.0P,3,14,114,36,138
5.0P,3,16,119,23,146
5.0P,4,2,103,93,109
5.0P,4,4,108,90,118
5.0P,4,6,114,87,128
5.0P,4,8,119,83,137
5.0P,4,10,125,79,146
5.0P,4,12,130,73,155
5.0P,4,14,136,67,164
5.0P,4,16,143,59,173
5.0P,5,2,127,119,132
5.0P,5,4,132,116,142
5.0P,5,6,138,112,153
5.0P,5,8,144,108,163
5.0P,5,10,149,104,172
5.0P,5,12,155,99,183
5.0P,5,14,161,94,192
5.0P,5,16,167,88,201
5.0P,6,2,152,145,157
5.0P,6,4,157,142,168
5.0P,6,6,163,138,179
5.0P,6,8,168,135,189
5.0P,6,10,174,131,200
5.0P,6,12,180,126,210
5.0P,6,14,187,121,221
5.0P,6,16,193,115,232
5.0P,7,2,178,171,183
5.0P,7,4,183,168,194
5.0P,7,6,188,165,206
5.0P,7,8,194,161,217
5.0P,7,10,200,157,229
5.0P,7,12,207,152,241
5.0P,8,2,204,198,209
5.0P,8,4,209,195,222
5.0P,8,6,215,192,235
5.0P,1,2,37,24,43
5.0P,1,4,42,20,51
5.0P,1,6,47,14,58
5.0P,1,8,51,5,65
5.0P,2,2,57,45,64
5.0P,2,4,62,41,73
5.0P,2,6,67,37,80
5.0P,2,8,73,30,90
5.0P,2,10,78,22,98
5.0P,2,12,84,8,106
5.0P,3,2,81,67,89
5.0P,3,4,87,63,99
5.0P,3,6,92,59,108
5.0P,3,8,97,54,118
5.0P,3,10,103,47,127
5.0P,3,12,109,39,136
5.0P,3,14,115,28,145
5.0P,3,16,120,7,153
5.0P,4,2,105,92,113
5.0P,4,4,110,88,124
5.0P,4,6,115,85,133
5.0P,4,8,121,81,143
5.0P,4,10,126,75,152
5.0P,4,12,132,70,162
5.0P,4,14,138,63,171
5.0P,4,16,144,53,181
5.0P,4,18,150,42,189
5.0P,4,20,156,25,198
5.0P,5,2,130,118,138
5.0P,5,4,135,114,149
5.0P,5,6,141,111,160
5.0P,5,8,146,106,170
5.0P,5,10,152,102,180
5.0P,5,12,157,97,190
5.0P,5,14,163,91,199
5.0P,5,16,168,85,209
5.0P,5,18,174,77,218
5.0P,5,20,180,68,228
5.0P,5,22,186,56,237
5.0P,5,24,193,38,247
5.0P,6,2,156,143,165
5.0P,6,4,161,140,175
5.0P,6,6,166,137,187
5.0P,6,8,171,133,197
5.0P,6,10,177,129,208
5.0P,6,12,183,124,218
5.0P,6,14,189,118,229
5.0P,6,16,195,112,240
5.0P,6,18,200,106,250
5.0P,7,2,182,170,191
5.0P,7,4,187,166,203
5.0P,7,6,192,163,214
5.0P,7,8,197,159,226
5.0P,7,10,203,155,238
5.0P,7,12,209,150,250
5.0P,8,2,208,196,217
5.0P,8,4,213,193,230
5.0P,8,6,218,189,243
5.0P,9,2,235,223,245
5.0P,9,2,237,224,247
5.0P,8,2,209,197,219
5.0P,7,2,183,170,192
5.0P,6,2,157,144,166
5.0P,5,2,130,118,139
5.0P,4,2,105,92,114
5.0P,3,2,81,67,89
5.0P,2,2,57,44,64
5.0P,1,2,37,23,43
5.0P,1,4,41,19,51
5.0P,2,4,62,41,72
5.0P,3,4,87,63,99
5.0P,4,4,111,88,124
5.0P,5,4,136,115,150
5.0P,6,4,162,141,176
5.0P,7,4,188,167,204
5.0P,8,4,215,194,232
5.0P,8,6,220,190,245
5.0P,7,6,193,164,216
5.0P,6,6,167,137,188
5.0P,5,6,141,111,161
5.0P,4,6,116,85,134
5.0P,3,6,92,59,109
5.0P,2,6,67,37,80
5.0P,1,6,46,13,58
5.0P,1,8,51,4,65
5.0P,2,8,73,30,90
5.0P,3,8,98,53,118
5.0P,4,8,121,80,144
5.0P,5,8,147,107,171
5.0P,6,8,172,133,199
5.0P,7,8,199,160,227
5.0P,7,10,204,156,239
5.0P,6,10,178,129,210
5.0P,5,10,152,102,181
5.0P,4,10,127,75,153
5.0P,3,10,104,47,128
5.0P,2,10,78,22,98
5.0P,2,12,84,7,106
5.0P,3,12,109,38,137
5.0P,4,12,132,70,162
5.0P,5,12,158,97,191
5.0P,6,12,184,124,220
5.0P,7,12,211,151,251
5.0P,6,14,190,119,231
5.0P,5,14,164,91,201
5.0P,4,14,138,62,172
5.0P,3,14,115,27,145
5.0P,3,16,121,6,154
5.0P,4,16,145,53,182
5.0P,5,16,169,85,210
5.0P,6,16,196,113,241
5.0P,6,18,202,206,252
5.0P,5,18,175,77,220
5.0P,4,18,150,42,190
5.0P,4,20,156,24,200
5.0P,5,20,181,68,229
5.0P,5,22,188,55,239
5.0P,5,24,194,37,249
5.0P,9,2,231,226,237
5.0P,9,4,237,223,253
5.0P,9,6,244,219,255
5.0PB,1,2,28,34,46
5.0PB,1,4,21,34,56
5.0PB,2,2,47,52,65
5.0PB,2,4,40,52,77
5.0PB,2,6,27,52,89
5.0PB,3,2,67,74,88
5.0PB,3,4,59,74,101
5.0PB,3,6,49,74,114
5.0PB,3,8,34,74,126
5.0PB,4,2,91,97,111
5.0PB,4,4,84,97,123
5.0PB,4,6,75,97,137
5.0PB,4,8,62,98,150
5.0PB,4,10,45,98,163
5.0PB,5,2,116,122,134
5.0PB,5,4,108,122,148
5.0PB,5,6,99,122,162
5.0PB,5,8,88,123,176
5.0PB,5,10,74,123,190
5.0PB,5,12,54,123,204
5.0PB,6,2,141,148,159
5.0PB,6,4,134,148,173
5.0PB,6,6,124,148,188
5.0PB,6,8,114,149,203
5.0PB,6,10,101,149,217
5.0PB,6,12,81,150,234
5.0PB,7,2,167,174,185
5.0PB,7,4,159,175,200
5.0PB,7,6,149,175,215
5.0PB,7,8,138,176,231
5.0PB,8,2,194,201,211
5.0PB,8,4,185,202,228
5.0PB,1,2,23,28,45
5.0PB,1,4,13,28,56
5.0PB,2,2,44,49,66
5.0PB,2,4,35,49,79
5.0PB,2,6,20,49,92
5.0PB,3,2,66,71,91
5.0PB,3,4,57,72,105
5.0PB,3,6,45,72,119
5.0PB,3,8,26,72,132
5.0PB,4,2,92,96,116
5.0PB,4,4,84,96,129
5.0PB,4,6,74,96,143
5.0PB,4,8,59,97,157
5.0PB,4,10,38,97,170
5.0PB,5,2,119,121,141
5.0PB,5,4,111,121,155
5.0PB,5,6,101,122,169
5.0PB,5,8,88,122,183
5.0PB,5,10,72,122,198
5.0PB,5,12,46,123,212
5.0PB,6,2,145,147,167
5.0PB,6,4,137,147,181
5.0PB,6,6,127,148,196
5.0PB,6,8,115,148,211
5.0PB,6,10,101,148,225
5.0PB,6,12,78,149,242
5.0PB,7,2,172,172,193
5.0PB,7,4,163,173,208
5.0PB,7,6,152,174,223
5.0PB,7,8,141,174,239
5.0PB,8,2,198,199,220
5.0PB,8,4,189,200,236
5.0PB,9,2,226,225,248
5.0PB,9,2,228,227,250
5.0PB,8,2,200,200,222
5.0PB,7,2,173,173,195
5.0PB,6,2,146,147,168
5.0PB,5,2,119,121,141
5.0PB,4,2,92,96,116
5.0PB,3,2,66,71,91
5.0PB,2,2,44,48,66
5.0PB,1,2,22,28,45
5.0PB,1,4,12,28,56
5.0PB,2,4,35,48,79
5.0PB,3,4,57,71,106
5.0PB,4,4,84,96,130
5.0PB,5,4,111,122,155
5.0PB,6,4,138,148,182
5.0PB,7,4,164,174,209
5.0PB,8,4,190,201,238
5.0PB,7,6,153,175,225
5.0PB,6,6,127,148,198
5.0PB,5,6,101,122,170
5.0PB,4,6,74,96,143
5.0PB,3,6,44,72,119
5.0PB,2,6,19,48,93
5.0PB,3,8,25,72,132
5.0PB,4,8,59,97,158
5.0PB,5,8,88,123,184
5.0PB,6,8,116,149,212
5.0PB,7,8,141,175,241
5.0PB,6,10,101,149,227
5.0PB,5,10,72,123,199
5.0PB,4,10,28,97,171
5.0PB,5,12,45,123,213
5.0PB,6,12,78,150,244
5.0PB,9,2,222,229,239
5.0R,1,2,48,28,32
5.0R,1,4,57,22,32
5.0R,1,6,65,11,32
5.0R,2,2,67,47,49
5.0R,2,4,78,42,46
5.0R,2,6,87,35,44
5.0R,2,8,97,24,42
5.0R,3,2,91,68,67
5.0R,3,4,104,62,61
5.0R,3,6,115,55,56
5.0R,3,8,127,47,51
5.0R,3,10,137,34,46
5.0R,4,2,114,92,90
5.0R,4,4,129,86,84
5.0R,4,6,141,80,77
5.0R,4,8,154,72,71
5.0R,4,10,164,64,66
5.0R,4,12,175,54,60
5.0R,4,14,186,38,54
5.0R,5,2,137,117,116
5.0R,5,4,154,111,108
5.0R,5,6,168,105,101
5.0R,5,8,181,98,94
5.0R,5,10,194,90,87
5.0R,5,12,207,80,81
5.0R,5,14,217,71,75
5.0R,5,16,228,56,69
5.0R,6,2,163,143,141
5.0R,6,4,180,137,134
5.0R,6,6,195,131,126
5.0R,6,8,208,125,119
5.0R,6,10,222,117,112
5.0R,6,12,235,109,105
5.0R,6,14,247,100,99
5.0R,7,2,189,169,167
5.0R,7,4,206,163,159
5.0R,7,6,222,157,152
5.0R,7,8,238,151,144
5.0R,8,2,214,197,195
5.0R,8,4,235,190,185
5.0R,9,2,242,224,222
5.0R,1,2,46,21,29
5.0R,1,4,55,14,29
5.0R,1,6,64,2,29
5.0R,2,2,67,43,48
5.0R,2,4,78,36,45
5.0R,2,6,88,28,42
5.0R,2,8,99,13,40
5.0R,3,2,92,65,69
5.0R,3,4,107,58,62
5.0R,3,6,118,51,57
5.0R,3,8,130,40,51
5.0R,3,10,141,23,46
5.0R,4,2,117,90,94
5.0R,4,4,132,83,87
5.0R,4,6,145,76,80
5.0R,4,8,157,68,74
5.0R,4,10,168,58,67
5.0R,4,12,178,46,61
5.0R,4,14,189,24,55
5.0R,5,2,141,116,121
5.0R,5,4,158,109,114
5.0R,5,6,172,103,106
5.0R,5,8,185,95,99
5.0R,5,10,198,86,91
5.0R,5,12,210,75,84
5.0R,5,14,220,63,78
5.0R,5,16,232,45,71
5.0R,5,18,242,2,65
5.0R,6,2,167,141,148
5.0R,6,4,184,135,140
5.0R,6,6,199,129,132
5.0R,6,8,212,122,126
5.0R,6,10,226,114,118
5.0R,6,12,239,105,111
5.0R,6,14,250,95,104
5.0R,7,2,194,167,175
5.0R,7,4,211,162,167
5.0R,7,6,226,155,159
5.0R,7,8,242,148,151
5.0R,8,2,218,194,203
5.0R,8,4,239,188,194
5.0R,8,6,255,181,185
5.0R,9,2,246,221,231
5.0R,9,2,248,222,233
5.0R,8,2,220,195,205
5.0R,7,2,195,168,176
5.0R,6,2,168,142,149
5.0R,5,2,142,116,122
5.0R,4,2,117,90,94
5.0R,3,2,93,65,69
5.0R,2,2,67,42,48
5.0R,1,2,45,21,28
5.0R,1,4,55,13,28
5.0R,2,4,78,36,45
5.0R,3,4,107,58,62
5.0R,4,4,133,83,87
5.0R,5,4,159,110,114
5.0R,6,4,185,136,141
5.0R,7,4,212,162,168
5.0R,8,4,240,189,195
5.0R,7,6,228,156,160
5.0R,6,6,201,129,133
5.0R,5,6,173,103,106
5.0R,4,6,146,76,80
5.0R,3,6,118,50,56
5.0R,2,6,88,28,42
5.0R,1,6,64,1,28
5.0R,2,8,99,12,39
5.0R,3,8,130,40,50
5.0R,4,8,158,68,73
5.0R,5,8,187,95,99
5.0R,6,8,214,123,126
5.0R,7,8,243,149,152
5.0R,6,10,227,114,118
5.0R,5,10,199,86,92
5.0R,4,10,169,58,67
5.0R,3,10,141,23,45
5.0R,4,12,179,45,61
5.0R,5,12,212,75,84
5.0R,6,12,240,105,111
5.0R,6,14,252,95,104
5.0R,5,14,222,63,78
5.0R,4,14,191,23,55
5.0R,5,16,233,44,71
5.0R,5,18,244,1,65
5.0RP,1,2,45,28,40
5.0RP,1,4,52,23,44
5.0RP,1,6,58,16,48
5.0RP,2,2,65,47,56
5.0RP,2,4,73,43,59
5.0RP,2,6,81,37,63
5.0RP,2,8,90,28,67
5.0RP,3,2,88,68,76
5.0RP,3,4,100,62,79
5.0RP,3,6,110,56,82
5.0RP,3,8,120,48,85
5.0RP,3,10,129,37,88
5.0RP,3,12,138,19,92
5.0RP,4,2,111,92,99
5.0RP,4,4,123,87,101
5.0RP,4,6,135,80,103
5.0RP,4,8,146,73,106
5.0RP,4,10,155,66,108
5.0RP,4,12,165,56,111
5.0RP,4,14,175,43,114
5.0RP,4,16,184,20,117
5.0RP,5,2,134,117,123
5.0RP,5,4,148,112,124
5.0RP,5,6,161,106,126
5.0RP,5,8,174,99,128
5.0RP,5,10,184,92,130
5.0RP,5,12,196,83,133
5.0RP,5,14,206,73,135
5.0RP,5,16,216,60,138
5.0RP,6,2,160,143,148
5.0RP,6,4,174,138,149
5.0RP,6,6,188,132,151
5.0RP,6,8,200,126,153
5.0RP,6,10,211,119,154
5.0RP,6,12,223,111,157
5.0RP,6,14,235,102,159
5.0RP,6,16,246,92,162
5.0RP,7,2,186,169,174
5.0RP,7,4,200,164,175
5.0RP,7,6,215,158,177
5.0RP,7,8,229,151,178
5.0RP,7,10,241,145,180
5.0RP,7,12,255,137,182
5.0RP,7,14,255,128,184
5.0RP,7,16,255,117,187
5.0RP,8,2,211,197,201
5.0RP,8,4,227,191,202
5.0RP,8,6,244,185,203
5.0RP,8,8,255,177,205
5.0RP,8,10,255,170,206
5.0RP,8,12,255,161,209
5.0RP,1,2,43,22,37
5.0RP,1,4,50,16,42
5.0RP,1,6,57,7,47
5.0RP,2,2,64,43,56
5.0RP,2,4,73,38,60
5.0RP,2,6,81,31,63
5.0RP,2,8,91,19,68
5.0RP,3,2,89,65,78
5.0RP,3,4,101,59,81
5.0RP,3,6,112,51,84
5.0RP,3,8,122,42,88
5.0RP,3,10,131,28,92
5.0RP,3,12,140,1,95
5.0RP,4,2,114,90,103
5.0RP,4,4,126,84,105
5.0RP,4,6,138,77,108
5.0RP,4,8,149,69,110
5.0RP,4,10,158,61,113
5.0RP,4,12,169,49,116
5.0RP,4,14,178,32,119
5.0RP,5,2,138,116,129
5.0RP,5,4,151,110,130
5.0RP,5,6,164,104,132
5.0RP,5,8,177,96,135
5.0RP,5,10,188,88,137
5.0RP,5,12,199,78,139
5.0RP,5,14,209,66,142
5.0RP,5,16,219,50,144
5.0RP,5,18,229,25,147
5.0RP,6,2,164,142,155
5.0RP,6,4,177,136,157
5.0RP,6,6,191,130,158
5.0RP,6,8,203,123,160
5.0RP,6,10,214,116,162
5.0RP,6,12,226,108,164
5.0RP,6,14,238,97,167
5.0RP,6,16,249,85,169
5.0RP,7,2,190,168,182
5.0RP,7,4,204,163,183
5.0RP,7,6,219,156,185
5.0RP,7,8,232,149,186
5.0RP,7,10,244,142,188
5.0RP,8,2,215,195,209
5.0RP,8,4,231,189,210
5.0RP,8,6,247,182,212
5.0RP,9,2,243,221,238
5.0RP,9,2,244,223,239
5.0RP,8,2,217,196,211
5.0RP,7,2,191,169,183
5.0RP,6,2,165,142,156
5.0RP,5,2,139,116,129
5.0RP,4,2,114,90,103
5.0RP,3,2,89,65,78
5.0RP,2,2,64,42,56
5.0RP,1,2,42,21,37
5.0RP,1,4,50,15,42
5.0RP,2,4,73,37,59
5.0RP,3,4,102,58,81
5.0RP,4,4,127,84,106
5.0RP,5,4,152,111,131
5.0RP,6,4,179,137,157
5.0RP,7,4,205,163,184
5.0RP,8,4,233,190,212
5.0RP,8,6,249,183,213
5.0RP,7,6,220,157,186
5.0RP,6,6,193,130,159
5.0RP,5,6,165,104,133
5.0RP,4,6,139,77,108
5.0RP,3,6,112,51,85
5.0RP,2,6,81,30,63
5.0RP,1,6,56,6,47
5.0RP,2,8,91,18,68
5.0RP,3,8,122,41,88
5.0RP,4,8,150,69,111
5.0RP,5,8,178,96,135
5.0RP,6,8,204,124,161
5.0RP,7,8,234,150,187
5.0RP,7,10,246,143,189
5.0RP,6,10,216,117,163
5.0RP,5,10,189,88,137
5.0RP,4,10,159,61,113
5.0RP,3,10,132,28,92
5.0RP,3,12,141,0,96
5.0RP,4,12,169,48,116
5.0RP,5,12,200,78,140
5.0RP,6,12,228,108,165
5.0RP,6,14,240,97,167
5.0RP,5,14,210,66,142
5.0RP,4,14,179,31,119
5.0RP,5,16,221,50,145
5.0RP,6,16,250,85,170
5.0RP,5,18,230,24,148
5.0RP,9,2,239,225,229
5.0RP,9,4,255,218,229
5.0RP,9,6,255,211,231
5.0Y,1,2,40,33,16
5.0Y,2,2,58,52,37
5.0Y,2,4,63,51,11
5.0Y,3,2,80,73,55
5.0Y,3,4,85,72,35
5.0Y,4,2,104,96,74
5.0Y,4,4,110,96,52
5.0Y,4,6,114,95,27
5.0Y,5,2,129,121,98
5.0Y,5,4,135,121,74
5.0Y,5,6,141,120,47
5.0Y,6,2,155,147,121
5.0Y,6,4,161,147,97
5.0Y,6,6,167,146,70
5.0Y,6,8,171,146,40
5.0Y,7,2,181,173,146
5.0Y,7,4,187,173,120
5.0Y,7,6,193,173,94
5.0Y,7,8,198,172,67
5.0Y,7,10,202,172,23
5.0Y,8,2,208,201,171
5.0Y,8,4,214,201,145
5.0Y,8,6,220,200,118
5.0Y,8,8,225,200,90
5.0Y,8,10,229,199,57
5.0Y,9,2,236,229,196
5.0Y,9,4,243,229,168
5.0Y,1,2,37,28,9
5.0Y,2,2,57,48,34
5.0Y,2,4,63,47,6
5.0Y,3,2,81,71,55
5.0Y,3,4,87,70,33
5.0Y,4,2,107,95,77
5.0Y,4,4,113,94,52
5.0Y,4,6,118,94,25
5.0Y,5,2,133,120,103
5.0Y,5,4,140,120,77
5.0Y,5,6,145,119,48
5.0Y,5,8,149,118,10
5.0Y,6,2,159,146,128
5.0Y,6,4,166,146,102
5.0Y,6,6,172,145,74
5.0Y,6,8,177,144,42
5.0Y,7,2,186,172,153
5.0Y,7,4,193,172,127
5.0Y,7,6,198,171,100
5.0Y,7,8,204,171,71
5.0Y,7,10,208,170,29
5.0Y,8,2,213,198,179
5.0Y,8,4,219,198,153
5.0Y,8,6,225,198,125
5.0Y,8,8,231,198,96
5.0Y,8,10,235,197,63
5.0Y,9,2,241,225,205
5.0Y,9,4,248,225,177
5.0Y,9,2,243,227,206
5.0Y,8,2,215,200,180
5.0Y,7,2,187,173,154
5.0Y,6,2,160,147,128
5.0Y,5,2,133,121,103
5.0Y,4,2,107,95,77
5.0Y,3,2,81,71,55
5.0Y,2,2,57,48,34
5.0Y,1,2,36,27,8
5.0Y,2,4,62,47,5
5.0Y,3,4,87,70,32
5.0Y,4,4,114,94,52
5.0Y,5,4,140,120,77
5.0Y,6,4,167,146,102
5.0Y,7,4,194,173,128
5.0Y,8,4,221,200,153
5.0Y,9,4,249,227,178
5.0Y,8,6,227,199,126
5.0Y,7,6,200,172,100
5.0Y,6,6,173,146,74
5.0Y,5,6,146,119,48
5.0Y,4,6,118,94,25
5.0Y,5,8,150,119,9
5.0Y,6,8,178,145,41
5.0Y,7,8,205,172,71
5.0Y,8,8,232,199,97
5.0Y,8,10,237,198,62
5.0Y,7,10,209,171,28
5.0YR,1,2,47,30,23
5.0YR,1,4,57,24,5
5.0YR,2,2,65,49,41
5.0YR,2,4,75,45,29
5.0YR,2,6,83,41,10
5.0YR,3,2,89,69,59
5.0YR,3,4,99,66,46
5.0YR,3,6,108,62,30
5.0YR,3,8,115,59,0
5.0YR,4,2,113,93,81
5.0YR,4,4,126,89,65
5.0YR,4,6,135,85,50
5.0YR,4,8,143,82,32
5.0YR,5,2,138,118,106
5.0YR,5,4,151,114,89
5.0YR,5,6,163,110,71
5.0YR,5,8,172,106,52
5.0YR,5,10,180,103,31
5.0YR,6,2,164,143,130
5.0YR,6,4,178,140,113
5.0YR,6,6,190,136,95
5.0YR,6,8,201,132,76
5.0YR,6,10,210,128,55
5.0YR,6,12,217,125,27
5.0YR,7,2,190,170,156
5.0YR,7,4,205,166,138
5.0YR,7,6,218,162,119
5.0YR,7,8,230,158,101
5.0YR,7,10,240,154,80
5.0YR,8,2,217,197,182
5.0YR,8,4,233,193,162
5.0YR,8,6,247,189,143
5.0YR,9,2,245,225,209
5.0YR,9,4,255,220,186
5.0YR,9,6,255,216,165
5.0YR,9,8,255,212,145
5.0YR,1,2,45,23,17
5.0YR,1,4,55,16,2
5.0YR,2,2,65,44,39
5.0YR,2,4,75,40,25
5.0YR,2,6,84,35,5
5.0YR,3,2,90,67,60
5.0YR,3,4,101,63,45
5.0YR,3,6,110,58,27
5.0YR,3,8,117,54,1
5.0YR,4,2,116,91,84
5.0YR,4,4,129,87,67
5.0YR,4,6,139,83,50
5.0YR,4,8,147,79,31
5.0YR,5,2,141,116,111
5.0YR,5,4,155,112,93
5.0YR,5,6,167,108,74
5.0YR,5,8,177,104,54
5.0YR,5,10,184,100,31
5.0YR,6,2,168,142,137
5.0YR,6,4,182,138,119
5.0YR,6,6,195,134,100
5.0YR,6,8,206,130,80
5.0YR,6,10,215,126,58
5.0YR,6,12,222,122,29
5.0YR,7,2,195,168,164
5.0YR,7,4,210,164,145
5.0YR,7,6,223,160,125
5.0YR,7,8,234,156,106
5.0YR,7,10,244,152,85
5.0YR,7,12,253,148,58
5.0YR,8,2,221,194,191
5.0YR,8,4,238,190,171
5.0YR,8,6,251,186,151
5.0YR,9,2,249,221,218
5.0YR,9,2,251,223,219
5.0YR,8,2,223,196,192
5.0YR,7,2,196,169,164
5.0YR,6,2,169,143,137
5.0YR,5,2,142,117,111
5.0YR,4,2,116,91,84
5.0YR,3,2,90,67,60
5.0YR,2,2,65,44,39
5.0YR,1,2,44,23,17
5.0YR,1,4,55,16,1
5.0YR,2,4,75,40,25
5.0YR,3,4,101,62,45
5.0YR,4,4,130,87,67
5.0YR,5,4,156,113,93
5.0YR,6,4,183,139,120
5.0YR,7,4,211,165,146
5.0YR,8,4,239,191,171
5.0YR,8,6,253,187,152
5.0YR,7,6,224,161,126
5.0YR,6,6,196,134,100
5.0YR,5,6,168,108,74
5.0YR,4,6,139,83,50
5.0YR,3,6,111,58,27
5.0YR,2,6,84,35,4
5.0YR,3,8,118,54,0
5.0YR,4,8,147,79,31
5.0YR,5,8,178,104,54
5.0YR,6,8,207,130,80
5.0YR,7,8,235,157,107
5.0YR,7,10,246,153,85
5.0YR,6,12,223,123,29
7.5B,1,2,20,36,44
7.5B,2,2,40,54,62
7.5B,2,4,18,56,73
7.5B,3,2,59,76,85
7.5B,3,4,38,78,98
7.5B,4,2,82,99,108
7.5B,4,4,64,102,120
7.5B,4,6,38,104,132
7.5B,5,2,107,124,133
7.5B,5,4,89,127,145
7.5B,5,6,66,129,157
7.5B,5,8,16,131,170
7.5B,6,2,132,150,158
7.5B,6,4,115,153,170
7.5B,6,6,91,156,183
7.5B,6,8,59,158,197
7.5B,7,2,158,176,184
7.5B,7,4,139,180,196
7.5B,7,6,117,183,209
7.5B,7,8,87,185,223
7.5B,8,2,186,203,210
7.5B,8,4,164,207,224
7.5B,8,6,139,211,239
7.5B,8,8,104,214,255
7.5B,1,2,14,30,42
7.5B,2,2,37,51,63
7.5B,2,4,10,53,75
7.5B,3,2,57,74,88
7.5B,3,4,34,76,102
7.5B,4,2,83,98,113
7.5B,4,4,63,101,126
7.5B,4,6,33,103,138
7.5B,5,2,109,124,139
7.5B,5,4,90,126,152
7.5B,5,6,65,129,164
7.5B,5,8,3,131,177
7.5B,6,2,136,149,165
7.5B,6,4,118,152,178
7.5B,6,6,93,155,191
7.5B,6,8,57,157,205
7.5B,7,2,163,175,192
7.5B,7,4,143,179,205
7.5B,7,6,120,181,218
7.5B,7,8,88,184,232
7.5B,8,2,190,201,219
7.5B,8,4,168,205,233
7.5B,8,6,143,209,247
7.5B,9,2,217,228,247
7.5B,9,2,219,230,249
7.5B,8,2,192,202,220
7.5B,7,2,164,176,193
7.5B,6,2,137,150,166
7.5B,5,2,110,124,140
7.5B,4,2,83,98,113
7.5B,3,2,57,74,88
7.5B,2,2,36,51,63
7.5B,1,2,13,30,42
7.5B,2,4,10,52,75
7.5B,3,4,33,76,102
7.5B,4,4,63,101,126
7.5B,5,4,91,127,152
7.5B,6,4,118,153,179
7.5B,7,4,143,180,206
7.5B,8,4,169,207,234
7.5B,8,6,143,210,249
7.5B,7,6,120,183,219
7.5B,6,6,93,156,192
7.5B,5,6,65,129,165
7.5B,4,6,32,103,139
7.5B,5,8,2,131,179
7.5B,6,8,57,158,206
7.5B,7,8,88,185,233
7.5B,9,2,213,231,238
7.5B,9,4,186,236,255
7.5BG,1,2,19,36,38
7.5BG,2,2,39,55,56
7.5BG,2,4,0,58,61
7.5BG,3,2,56,77,78
7.5BG,3,4,26,81,84
7.5BG,4,2,78,101,101
7.5BG,4,4,52,105,107
7.5BG,5,2,101,126,126
7.5BG,5,4,78,130,131
7.5BG,5,6,41,134,135
7.5BG,6,2,126,152,151
7.5BG,6,4,100,157,156
7.5BG,6,6,68,161,161
7.5BG,7,2,151,179,177
7.5BG,7,4,126,184,181
7.5BG,7,6,99,188,185
7.5BG,7,8,53,192,190
7.5BG,8,2,177,206,204
7.5BG,8,4,152,211,208
7.5BG,8,6,121,216,213
7.5BG,8,8,80,221,217
7.5BG,1,2,13,31,36
7.5BG,2,2,36,52,56
7.5BG,2,4,1,55,62
7.5BG,3,2,56,75,81
7.5BG,3,4,21,79,87
7.5BG,4,2,79,100,106
7.5BG,4,4,51,104,111
7.5BG,5,2,104,126,132
7.5BG,5,4,79,130,137
7.5BG,5,6,40,134,142
7.5BG,6,2,129,152,159
7.5BG,6,4,103,157,164
7.5BG,6,6,70,161,168
7.5BG,7,2,155,178,185
7.5BG,7,4,130,183,190
7.5BG,7,6,103,187,194
7.5BG,7,8,55,191,198
7.5BG,8,2,181,204,213
7.5BG,8,4,157,209,216
7.5BG,8,6,125,214,221
7.5BG,8,8,84,219,226
7.5BG,9,2,207,231,241
7.5BG,9,4,179,238,245
7.5BG,9,6,145,243,249
7.5BG,9,8,97,248,254
7.5BG,9,2,209,233,243
7.5BG,8,2,183,205,214
7.5BG,7,2,156,179,187
7.5BG,6,2,130,152,160
7.5BG,5,2,104,126,133
7.5BG,4,2,79,100,106
7.5BG,3,2,55,75,81
7.5BG,2,2,35,52,56
7.5BG,1,2,12,31,35
7.5BG,2,4,0,55,62
7.5BG,3,4,21,79,87
7.5BG,4,4,51,105,112
7.5BG,5,4,79,131,137
7.5BG,6,4,103,157,164
7.5BG,7,4,131,184,191
7.5BG,8,4,158,211,218
7.5BG,9,4,180,239,247
7.5BG,9,6,146,245,251
7.5BG,8,6,126,216,223
7.5BG,7,6,103,188,195
7.5BG,6,6,70,161,169
7.5BG,5,6,40,135,142
7.5BG,7,8,55,192,200
7.5BG,8,8,84,220,227
7.5BG,9,2,202,235,232
7.5BG,9,4,174,241,236
7.5BG,9,6,139,246,240
7.5G,1,2,23,36,32
7.5G,2,2,42,55,50
7.5G,2,4,22,58,48
7.5G,3,2,60,77,70
7.5G,3,4,38,81,67
7.5G,4,2,81,101,93
7.5G,4,4,60,106,89
7.5G,4,6,23,109,86
7.5G,5,2,104,127,117
7.5G,5,4,84,131,113
7.5G,5,6,58,135,109
7.5G,6,2,128,153,142
7.5G,6,4,106,158,137
7.5G,6,6,82,162,133
7.5G,6,8,47,166,130
7.5G,7,2,152,180,167
7.5G,7,4,132,185,162
7.5G,7,6,110,189,158
7.5G,7,8,80,193,154
7.5G,7,10,27,197,151
7.5G,8,2,178,207,193
7.5G,8,4,157,212,188
7.5G,8,6,131,217,183
7.5G,8,8,104,222,179
7.5G,8,10,62,226,175
7.5G,9,2,203,236,220
7.5G,9,4,180,242,214
7.5G,9,6,151,247,208
7.5G,9,8,121,252,203
7.5G,1,2,18,31,28
7.5G,2,2,39,52,49
7.5G,2,4,17,56,47
7.5G,3,2,59,75,72
7.5G,3,4,36,80,69
7.5G,4,2,82,100,97
7.5G,4,4,60,105,93
7.5G,4,6,23,109,90
7.5G,5,2,107,126,123
7.5G,5,4,86,131,118
7.5G,5,6,60,135,115
7.5G,6,2,132,152,149
7.5G,6,4,110,157,144
7.5G,6,6,86,161,140
7.5G,6,8,51,165,137
7.5G,7,2,157,178,175
7.5G,7,4,137,183,170
7.5G,7,6,115,188,166
7.5G,7,8,85,192,162
7.5G,7,10,26,196,158
7.5G,8,2,183,205,202
7.5G,8,4,162,210,197
7.5G,8,6,137,215,192
7.5G,8,8,110,220,188
7.5G,8,10,70,224,183
7.5G,9,2,208,232,229
7.5G,9,4,186,238,223
7.5G,9,6,158,244,217
7.5G,9,8,128,249,212
7.5G,9,10,92,253,208
7.5G,9,2,210,234,231
7.5G,8,2,184,206,203
7.5G,7,2,158,179,176
7.5G,6,2,132,153,149
7.5G,5,2,107,126,123
7.5G,4,2,82,100,97
7.5G,3,2,59,75,72
7.5G,2,2,39,52,49
7.5G,1,2,17,31,28
7.5G,2,4,16,55,46
7.5G,3,4,36,80,68
7.5G,4,4,60,105,93
7.5G,5,4,86,131,119
7.5G,6,4,110,158,144
7.5G,7,4,137,184,171
7.5G,8,4,163,212,198
7.5G,9,4,187,240,225
7.5G,9,6,159,246,219
7.5G,8,6,138,217,193
7.5G,7,6,115,189,167
7.5G,6,6,86,162,141
7.5G,5,6,60,135,115
7.5G,4,6,22,109,90
7.5G,6,8,51,166,137
7.5G,7,8,85,193,163
7.5G,8,8,111,221,189
7.5G,9,8,129,251,214
7.5G,8,10,70,225,185
7.5G,7,10,25,197,159
7.5GY,1,2,28,36,27
7.5GY,1,4,15,39,11
7.5GY,2,2,47,54,44
7.5GY,2,4,39,57,32
7.5GY,2,6,28,59,16
7.5GY,3,2,66,76,62
7.5GY,3,4,58,79,48
7.5GY,3,6,49,82,32
7.5GY,4,2,89,100,83
7.5GY,4,4,80,103,66
7.5GY,4,6,71,106,49
7.5GY,4,8,60,109,26
7.5GY,5,2,113,125,106
7.5GY,5,4,105,129,89
7.5GY,5,6,96,132,71
7.5GY,5,8,86,134,51
7.5GY,5,10,75,137,19
7.5GY,6,2,138,152,128
7.5GY,6,4,130,155,111
7.5GY,6,6,121,158,93
7.5GY,6,8,111,161,71
7.5GY,6,10,101,163,47
7.5GY,7,2,164,178,153
7.5GY,7,4,155,182,134
7.5GY,7,6,147,185,116
7.5GY,7,8,138,188,96
7.5GY,7,10,128,191,72
7.5GY,7,12,117,193,42
7.5GY,8,2,190,205,177
7.5GY,8,4,181,209,157
7.5GY,8,6,173,213,137
7.5GY,8,8,164,216,117
7.5GY,8,10,154,219,94
7.5GY,8,12,144,221,66
7.5GY,8,14,133,224,11
7.5GY,9,2,217,234,202
7.5GY,9,4,208,238,180
7.5GY,9,6,199,242,157
7.5GY,9,8,190,245,135
7.5GY,9,10,180,248,111
7.5GY,9,12,170,251,84
7.5GY,9,14,160,253,49
7.5GY,1,2,24,31,22
7.5GY,1,4,9,34,5
7.5GY,2,2,45,51,43
7.5GY,2,4,36,54,28
7.5GY,2,6,25,57,10
7.5GY,3,2,67,74,63
7.5GY,3,4,58,77,47
7.5GY,3,6,49,80,30
7.5GY,3,8,37,82,2
7.5GY,4,2,91,99,86
7.5GY,4,4,82,103,68
7.5GY,4,6,73,105,49
7.5GY,4,8,62,108,25
7.5GY,5,2,117,125,111
7.5GY,5,4,109,128,93
7.5GY,5,6,99,131,74
7.5GY,5,8,90,134,52
7.5GY,5,10,79,136,20
7.5GY,6,2,142,151,135
7.5GY,6,4,134,154,117
7.5GY,6,6,126,157,98
7.5GY,6,8,117,160,75
7.5GY,6,10,107,163,50
7.5GY,6,12,97,165,4
7.5GY,7,2,169,177,160
7.5GY,7,4,161,180,142
7.5GY,7,6,153,183,122
7.5GY,7,8,144,187,101
7.5GY,7,10,135,189,77
7.5GY,7,12,125,192,46
7.5GY,8,2,196,203,186
7.5GY,8,4,187,207,166
7.5GY,8,6,179,210,145
7.5GY,8,8,171,213,124
7.5GY,8,10,162,216,101
7.5GY,8,12,152,219,72
7.5GY,8,14,142,222,26
7.5GY,9,2,223,230,211
7.5GY,9,4,214,234,189
7.5GY,9,6,206,238,166
7.5GY,9,8,197,242,144
7.5GY,9,10,188,245,119
7.5GY,9,12,179,247,92
7.5GY,9,14,169,250,57
7.5GY,9,2,224,232,212
7.5GY,8,2,197,204,187
7.5GY,7,2,170,178,161
7.5GY,6,2,143,151,135
7.5GY,5,2,117,125,111
7.5GY,4,2,91,99,86
7.5GY,3,2,66,74,63
7.5GY,2,2,44,51,42
7.5GY,1,2,23,30,22
7.5GY,1,4,8,34,4
7.5GY,2,4,36,54,28
7.5GY,3,4,58,77,47
7.5GY,4,4,82,103,68
7.5GY,5,4,109,128,93
7.5GY,6,4,135,155,117
7.5GY,7,4,162,181,142
7.5GY,8,4,188,208,167
7.5GY,9,4,216,236,190
7.5GY,9,6,207,240,167
7.5GY,8,6,180,212,146
7.5GY,7,6,154,185,123
7.5GY,6,6,127,158,98
7.5GY,5,6,100,132,74
7.5GY,4,6,73,106,49
7.5GY,3,6,48,80,29
7.5GY,2,6,24,56,10
7.5GY,3,8,36,82,1
7.5GY,4,8,62,108,24
7.5GY,5,8,90,134,52
7.5GY,6,8,117,161,75
7.5GY,7,8,145,188,102
7.5GY,8,8,172,215,124
7.5GY,9,8,198,243,144
7.5GY,9,10,189,246,119
7.5GY,8,10,163,218,101
7.5GY,7,10,135,191,77
7.5GY,6,10,107,164,49
7.5GY,5,10,79,137,19
7.5GY,6,12,97,166,3
7.5GY,7,12,125,193,46
7.5GY,8,12,153,221,72
7.5GY,9,12,180,249,92
7.5GY,9,14,170,252,57
7.5GY,8,14,143,223,26
7.5P,1,2,42,29,44
7.5P,1,4,47,26,50
7.5P,1,6,52,21,56
7.5P,1,8,57,12,62
7.5P,2,2,60,48,62
7.5P,2,4,66,45,69
7.5P,2,6,72,41,75
7.5P,2,8,78,35,83
7.5P,2,10,84,26,90
7.5P,2,12,90,11,97
7.5P,3,2,83,69,84
7.5P,3,4,90,65,92
7.5P,3,6,97,61,100
7.5P,3,8,104,55,108
7.5P,3,10,110,49,116
7.5P,3,12,117,40,124
7.5P,3,14,123,27,131
7.5P,4,2,106,93,106
7.5P,4,4,113,89,115
7.5P,4,6,120,85,123
7.5P,4,8,127,80,131
7.5P,4,10,134,75,138
7.5P,4,12,141,69,146
7.5P,4,14,148,61,154
7.5P,4,16,155,51,162
7.5P,5,2,129,118,129
7.5P,5,4,137,114,138
7.5P,5,6,145,110,147
7.5P,5,8,153,105,156
7.5P,5,10,160,100,164
7.5P,5,12,168,95,172
7.5P,5,14,175,88,180
7.5P,5,16,182,81,188
7.5P,6,2,155,144,155
7.5P,6,4,163,140,163
7.5P,6,6,172,136,173
7.5P,6,8,179,131,181
7.5P,6,10,188,126,190
7.5P,6,12,195,121,198
7.5P,6,14,203,115,207
7.5P,6,16,211,108,216
7.5P,7,2,181,170,180
7.5P,7,4,190,166,189
7.5P,7,6,198,162,198
7.5P,7,8,207,157,208
7.5P,7,10,216,152,217
7.5P,7,12,224,147,226
7.5P,7,14,233,140,236
7.5P,7,16,242,133,245
7.5P,8,2,206,198,206
7.5P,8,4,217,193,216
7.5P,8,6,226,189,225
7.5P,8,8,237,183,236
7.5P,8,10,246,178,246
7.5P,8,12,255,172,255
7.5P,8,14,255,165,255
7.5P,1,2,39,23,42
7.5P,1,4,44,19,49
7.5P,1,6,49,12,56
7.5P,1,8,55,3,62
7.5P,2,2,59,44,62
7.5P,2,4,65,40,70
7.5P,2,6,71,35,77
7.5P,2,8,78,28,86
7.5P,2,10,84,17,93
7.5P,3,2,84,66,87
7.5P,3,4,91,62,96
7.5P,3,6,98,57,104
7.5P,3,8,105,50,113
7.5P,3,10,111,43,121
7.5P,3,12,118,32,129
7.5P,3,14,125,14,137
7.5P,4,2,108,91,111
7.5P,4,4,115,87,120
7.5P,4,6,122,82,128
7.5P,4,8,129,77,137
7.5P,4,10,136,71,145
7.5P,4,12,143,64,153
7.5P,4,14,150,55,161
7.5P,4,16,157,43,169
7.5P,4,18,164,25,178
7.5P,5,2,133,117,136
7.5P,5,4,141,113,145
7.5P,5,6,148,108,154
7.5P,5,8,156,103,163
7.5P,5,10,163,98,171
7.5P,5,12,170,91,180
7.5P,5,14,178,84,188
7.5P,5,16,185,76,196
7.5P,5,18,192,66,204
7.5P,5,20,199,53,213
7.5P,5,22,207,30,222
7.5P,6,2,159,143,162
7.5P,6,4,167,139,171
7.5P,6,6,175,134,180
7.5P,6,8,183,129,189
7.5P,6,10,191,124,198
7.5P,6,12,198,118,206
7.5P,6,14,206,112,215
7.5P,6,16,213,104,224
7.5P,6,18,221,96,232
7.5P,6,20,230,83,243
7.5P,6,22,238,69,252
7.5P,7,2,185,169,188
7.5P,7,4,193,165,197
7.5P,7,6,202,160,206
7.5P,7,8,210,155,216
7.5P,7,10,219,150,225
7.5P,7,12,227,144,234
7.5P,7,14,235,137,244
7.5P,8,2,211,195,215
7.5P,8,4,221,191,225
7.5P,8,6,229,187,234
7.5P,8,8,240,181,245
7.5P,8,10,249,175,255
7.5P,9,2,238,222,243
7.5P,9,4,250,217,254
7.5P,9,2,240,224,244
7.5P,8,2,212,197,216
7.5P,7,2,186,170,189
7.5P,6,2,160,143,163
7.5P,5,2,133,117,136
7.5P,4,2,108,91,112
7.5P,3,2,84,66,87
7.5P,2,2,59,44,62
7.5P,1,2,38,23,42
7.5P,1,4,44,18,49
7.5P,2,4,65,40,70
7.5P,3,4,91,62,96
7.5P,4,4,116,87,120
7.5P,5,4,141,113,146
7.5P,6,4,168,139,172
7.5P,7,4,195,166,199
7.5P,8,4,222,192,226
7.5P,8,6,231,188,235
7.5P,7,6,203,161,208
7.5P,6,6,176,135,181
7.5P,5,6,149,108,155
7.5P,4,6,123,82,129
7.5P,3,6,98,56,104
7.5P,2,6,71,35,77
7.5P,1,6,49,11,55
7.5P,1,8,54,2,62
7.5P,2,8,78,27,86
7.5P,3,8,105,50,113
7.5P,4,8,130,77,137
7.5P,5,8,157,103,164
7.5P,6,8,184,130,190
7.5P,7,8,212,156,217
7.5P,8,8,241,182,247
7.5P,7,10,220,150,227
7.5P,6,10,192,124,199
7.5P,5,10,164,98,172
7.5P,4,10,137,71,145
7.5P,3,10,112,42,121
7.5P,2,10,84,17,93
7.5P,3,12,119,31,130
7.5P,4,12,143,64,153
7.5P,5,12,171,92,181
7.5P,6,12,199,119,208
7.5P,7,12,228,145,236
7.5P,7,14,237,138,246
7.5P,6,14,207,112,217
7.5P,5,14,179,84,189
7.5P,4,14,151,55,162
7.5P,3,14,125,13,137
7.5P,4,16,158,43,170
7.5P,5,16,186,76,197
7.5P,6,16,215,104,225
7.5P,6,18,222,96,234
7.5P,5,18,193,65,206
7.5P,4,18,165,24,179
7.5P,5,20,200,52,214
7.5P,6,20,231,83,244
7.5P,6,22,240,69,254
7.5P,5,22,208,29,223
7.5P,9,2,234,226,234
7.5P,9,4,247,220,245
7.5P,9,6,255,215,255
7.5PB,1,2,32,33,47
7.5PB,1,4,31,31,56
7.5PB,1,6,30,29,67
7.5PB,1,8,31,26,76
7.5PB,1,10,33,22,84
7.5PB,1,12,35,15,92
7.5PB,1,14,39,0,100
7.5PB,1,16,43,0,109
7.5PB,2,2,50,51,65
7.5PB,2,4,48,50,77
7.5PB,2,6,46,49,88
7.5PB,2,8,44,47,100
7.5PB,2,10,43,44,111
7.5PB,2,12,44,40,120
7.5PB,2,14,46,36,130
7.5PB,2,16,49,29,139
7.5PB,3,2,71,72,88
7.5PB,3,4,68,71,101
7.5PB,3,6,65,70,114
7.5PB,3,8,63,69,125
7.5PB,3,10,59,67,138
7.5PB,3,12,58,64,149
7.5PB,3,14,57,61,161
7.5PB,3,16,58,56,173
7.5PB,4,2,94,96,111
7.5PB,4,4,92,95,124
7.5PB,4,6,88,94,136
7.5PB,4,8,85,93,149
7.5PB,4,10,81,91,162
7.5PB,4,12,77,90,175
7.5PB,4,14,74,88,187
7.5PB,4,16,85,72,200
7.5PB,5,2,119,121,134
7.5PB,5,4,116,120,148
7.5PB,5,6,112,119,162
7.5PB,5,8,109,118,175
7.5PB,5,10,105,117,188
7.5PB,5,12,100,116,202
7.5PB,5,14,95,114,217
7.5PB,5,16,90,112,231
7.5PB,6,2,145,147,159
7.5PB,6,4,141,146,173
7.5PB,6,6,137,145,188
7.5PB,6,8,133,144,201
7.5PB,6,10,129,143,215
7.5PB,6,12,124,142,232
7.5PB,6,14,117,140,248
7.5PB,6,16,107,139,255
7.5PB,7,2,171,173,185
7.5PB,7,4,167,172,200
7.5PB,7,6,162,172,215
7.5PB,7,8,158,171,231
7.5PB,7,10,153,169,249
7.5PB,7,12,147,168,255
7.5PB,8,2,198,200,211
7.5PB,8,4,193,199,227
7.5PB,8,6,187,199,245
7.5PB,8,8,181,198,255
7.5PB,1,2,27,27,45
7.5PB,1,4,25,25,56
7.5PB,1,6,23,23,68
7.5PB,1,8,24,19,78
7.5PB,1,10,25,14,87
7.5PB,1,12,28,6,95
7.5PB,2,2,48,48,66
7.5PB,2,4,45,46,79
7.5PB,2,6,42,45,91
7.5PB,2,8,39,42,104
7.5PB,2,10,37,39,116
7.5PB,2,12,37,35,126
7.5PB,2,14,39,30,136
7.5PB,2,16,41,22,145
7.5PB,2,18,44,8,155
7.5PB,3,2,71,70,92
7.5PB,3,4,67,69,105
7.5PB,3,6,64,68,119
7.5PB,3,8,60,66,131
7.5PB,3,10,55,64,144
7.5PB,3,12,52,61,156
7.5PB,3,14,51,57,168
7.5PB,3,16,51,52,180
7.5PB,3,18,52,47,191
7.5PB,3,20,53,40,200
7.5PB,3,22,56,30,211
7.5PB,3,24,59,13,221
7.5PB,4,2,96,94,116
7.5PB,4,4,93,94,129
7.5PB,4,6,89,93,142
7.5PB,4,8,84,91,156
7.5PB,4,10,79,90,169
7.5PB,4,12,74,88,182
7.5PB,4,14,70,86,195
7.5PB,4,16,66,82,208
7.5PB,4,18,64,79,221
7.5PB,4,20,62,73,235
7.5PB,4,22,62,68,245
7.5PB,5,2,122,120,141
7.5PB,5,4,118,119,154
7.5PB,5,6,114,118,169
7.5PB,5,8,110,117,183
7.5PB,5,10,105,116,196
7.5PB,5,12,99,114,210
7.5PB,5,14,93,113,225
7.5PB,5,16,86,110,239
7.5PB,5,18,80,107,254
7.5PB,6,2,148,146,167
7.5PB,6,4,144,145,181
7.5PB,6,6,140,144,196
7.5PB,6,8,136,143,209
7.5PB,6,10,131,142,223
7.5PB,6,12,124,141,240
7.5PB,7,2,175,171,193
7.5PB,7,4,171,171,208
7.5PB,7,6,166,170,223
7.5PB,7,8,160,169,240
7.5PB,8,2,202,198,220
7.5PB,8,4,197,197,236
7.5PB,8,6,191,197,254
7.5PB,9,2,229,225,248
7.5PB,9,2,231,226,249
7.5PB,8,2,203,199,221
7.5PB,7,2,176,172,194
7.5PB,6,2,149,146,168
7.5PB,5,2,122,120,142
7.5PB,4,2,96,95,116
7.5PB,3,2,71,70,92
7.5PB,2,2,48,47,66
7.5PB,1,2,27,26,45
7.5PB,1,4,25,25,56
7.5PB,2,4,45,46,79
7.5PB,3,4,67,69,106
7.5PB,4,4,93,94,130
7.5PB,5,4,118,120,155
7.5PB,6,4,145,146,182
7.5PB,7,4,171,172,209
7.5PB,8,4,198,198,238
7.5PB,7,6,167,171,225
7.5PB,6,6,141,145,197
7.5PB,5,6,114,119,170
7.5PB,4,6,89,93,143
7.5PB,3,6,63,67,119
7.5PB,2,6,42,44,91
7.5PB,1,6,23,22,67
7.5PB,1,8,23,19,78
7.5PB,2,8,38,42,104
7.5PB,3,8,60,66,131
7.5PB,4,8,84,91,157
7.5PB,5,8,110,117,184
7.5PB,6,8,136,144,211
7.5PB,7,8,161,170,241
7.5PB,6,10,131,143,225
7.5PB,5,10,105,116,197
7.5PB,4,10,79,90,170
7.5PB,3,10,55,64,144
7.5PB,2,10,37,39,116
7.5PB,1,10,25,13,87
7.5PB,1,12,27,5,96
7.5PB,2,12,37,35,126
7.5PB,3,12,52,61,156
7.5PB,4,12,74,88,183
7.5PB,5,12,99,115,212
7.5PB,6,12,124,141,242
7.5PB,5,14,93,113,226
7.5PB,4,14,69,86,196
7.5PB,3,14,51,57,169
7.5PB,2,14,38,29,136
7.5PB,2,16,41,21,146
7.5PB,3,16,50,52,182
7.5PB,4,16,66,82,209
7.5PB,5,16,86,111,240
7.5PB,4,18,64,78,222
7.5PB,3,18,52,46,192
7.5PB,2,18,44,7,156
7.5PB,3,20,53,40,201
7.5PB,4,20,62,73,237
7.5PB,4,22,62,68,247
7.5PB,3,22,56,30,212
7.5PB,3,24,59,13,223
7.5PB,9,2,225,228,239
7.5PB,9,4,220,227,255
7.5R,1,2,48,28,31
7.5R,1,4,57,22,29
7.5R,1,6,65,11,28
7.5R,2,2,67,47,47
7.5R,2,4,78,42,42
7.5R,2,6,87,36,38
7.5R,2,8,97,25,34
7.5R,3,2,91,68,65
7.5R,3,4,104,62,58
7.5R,3,6,115,56,51
7.5R,3,8,126,48,43
7.5R,3,10,136,37,35
7.5R,4,2,114,92,89
7.5R,4,4,129,86,80
7.5R,4,6,142,80,72
7.5R,4,8,154,73,63
7.5R,4,10,164,65,55
7.5R,4,12,174,56,47
7.5R,4,14,184,43,37
7.5R,4,16,193,22,28
7.5R,5,2,138,117,114
7.5R,5,4,154,111,104
7.5R,5,6,168,105,95
7.5R,5,8,182,99,85
7.5R,5,10,194,91,76
7.5R,5,12,206,82,66
7.5R,5,14,216,73,56
7.5R,5,16,227,61,45
7.5R,6,2,164,143,138
7.5R,6,4,180,137,129
7.5R,6,6,195,131,120
7.5R,6,8,209,125,110
7.5R,6,10,223,118,99
7.5R,6,12,235,111,89
7.5R,6,14,247,102,78
7.5R,6,16,255,92,66
7.5R,7,2,190,169,165
7.5R,7,4,208,163,155
7.5R,7,6,223,158,144
7.5R,7,8,239,151,133
7.5R,7,10,253,144,123
7.5R,7,12,255,136,111
7.5R,7,14,255,128,99
7.5R,7,16,255,119,87
7.5R,8,2,215,197,192
7.5R,8,4,236,190,180
7.5R,8,6,254,184,169
7.5R,8,8,255,177,156
7.5R,8,10,255,170,145
7.5R,8,12,255,161,131
7.5R,9,2,243,224,220
7.5R,9,4,255,217,205
7.5R,9,6,255,211,192
7.5R,1,2,46,21,27
7.5R,1,4,56,14,25
7.5R,1,6,65,2,23
7.5R,2,2,67,43,46
7.5R,2,4,79,37,41
7.5R,2,6,89,29,36
7.5R,2,8,99,16,31
7.5R,3,2,92,65,67
7.5R,3,4,106,59,58
7.5R,3,6,118,51,50
7.5R,3,8,129,42,42
7.5R,3,10,139,28,33
7.5R,4,2,117,90,92
7.5R,4,4,132,83,83
7.5R,4,6,145,77,74
7.5R,4,8,157,69,65
7.5R,4,10,168,60,56
7.5R,4,12,178,49,46
7.5R,4,14,188,32,36
7.5R,5,2,142,116,119
7.5R,5,4,158,109,109
7.5R,5,5,172,103,99
7.5R,5,8,186,96,89
7.5R,5,10,198,87,79
7.5R,5,12,210,77,68
7.5R,5,14,220,66,58
7.5R,5,16,230,51,46
7.5R,5,18,239,29,34
7.5R,6,2,168,141,145
7.5R,6,4,185,136,136
7.5R,6,6,199,129,126
7.5R,6,8,213,123,116
7.5R,6,10,227,115,104
7.5R,6,12,239,107,93
7.5R,6,14,250,97,82
7.5R,7,2,195,167,173
7.5R,7,4,212,162,162
7.5R,7,6,227,156,152
7.5R,7,8,243,148,140
7.5R,8,2,219,194,201
7.5R,8,4,240,188,189
7.5R,9,2,247,221,229
7.5R,9,2,249,222,230
7.5R,8,2,221,195,202
7.5R,7,2,196,168,174
7.5R,6,2,169,142,146
7.5R,5,2,142,116,120
7.5R,4,2,117,90,92
7.5R,3,2,93,65,66
7.5R,2,2,67,43,46
7.5R,1,2,46,21,26
7.5R,1,4,56,13,24
7.5R,2,4,79,36,40
7.5R,3,4,107,58,58
7.5R,4,4,133,83,83
7.5R,5,4,159,110,110
7.5R,6,4,186,136,136
7.5R,7,4,213,162,163
7.5R,8,4,242,189,190
7.5R,7,6,229,156,153
7.5R,6,6,201,130,126
7.5R,5,6,173,103,100
7.5R,4,6,146,77,74
7.5R,3,6,118,51,50
7.5R,2,6,89,28,35
7.5R,1,6,65,1,23
7.5R,2,8,99,15,30
7.5R,3,8,129,41,41
7.5R,4,8,158,69,64
7.5R,5,8,187,96,89
7.5R,6,8,214,123,116
7.5R,7,8,245,149,141
7.5R,6,10,228,115,105
7.5R,5,10,199,87,79
7.5R,4,10,169,60,55
7.5R,3,10,140,27,32
7.5R,4,12,179,48,46
7.5R,5,12,211,77,68
7.5R,6,12,240,107,94
7.5R,6,14,252,97,82
7.5R,5,14,221,66,58
7.5R,4,14,189,31,36
7.5R,5,16,232,51,46
7.5R,5,18,241,28,34
7.5RP,1,2,46,28,38
7.5RP,1,4,54,23,42
7.5RP,1,6,60,15,45
7.5RP,2,2,66,47,54
7.5RP,2,4,75,42,56
7.5RP,2,6,83,36,59
7.5RP,2,8,92,27,62
7.5RP,3,2,89,68,74
7.5RP,3,4,102,62,74
7.5RP,3,6,112,55,75
7.5RP,3,8,123,46,77
7.5RP,3,10,132,35,78
7.5RP,4,2,112,92,96
7.5RP,4,4,125,86,96
7.5RP,4,6,138,80,96
7.5RP,4,8,149,72,97
7.5RP,4,10,159,64,98
7.5RP,4,12,170,54,99
7.5RP,4,14,180,39,100
7.5RP,5,2,136,117,121
7.5RP,5,4,150,112,120
7.5RP,5,6,164,105,120
7.5RP,5,8,177,98,120
7.5RP,5,10,188,91,120
7.5RP,5,12,200,81,121
7.5RP,5,14,210,71,121
7.5RP,5,16,221,57,122
7.5RP,6,2,161,143,146
7.5RP,6,4,175,138,145
7.5RP,6,6,191,131,145
7.5RP,6,8,202,125,144
7.5RP,6,10,215,118,144
7.5RP,6,12,228,110,144
7.5RP,6,14,240,100,145
7.5RP,6,16,253,88,145
7.5RP,7,2,187,169,172
7.5RP,7,4,202,164,171
7.5RP,7,6,218,158,170
7.5RP,7,8,232,151,170
7.5RP,7,10,245,144,169
7.5RP,7,12,255,135,169
7.5RP,7,14,255,125,169
7.5RP,7,16,255,114,170
7.5RP,8,2,212,197,199
7.5RP,8,4,230,191,198
7.5RP,8,6,247,184,196
7.5RP,8,8,255,177,196
7.5RP,8,10,255,169,195
7.5RP,8,12,255,159,195
7.5RP,1,2,44,22,36
7.5RP,1,4,52,15,40
7.5RP,1,6,59,5,43
7.5RP,2,2,65,43,54
7.5RP,2,4,75,37,56
7.5RP,2,6,84,30,59
7.5RP,2,8,93,17,62
7.5RP,3,2,90,65,76
7.5RP,3,4,103,58,77
7.5RP,3,6,114,50,78
7.5RP,3,8,125,40,79
7.5RP,3,10,135,25,81
7.5RP,4,2,115,90,101
7.5RP,4,4,128,84,100
7.5RP,4,6,141,77,100
7.5RP,4,8,153,68,101
7.5RP,4,10,162,59,102
7.5RP,4,12,173,46,103
7.5RP,4,14,183,26,104
7.5RP,5,2,139,116,127
7.5RP,5,4,154,110,126
7.5RP,5,6,167,103,126
7.5RP,5,8,181,95,126
7.5RP,5,10,191,87,126
7.5RP,5,12,204,75,126
7.5RP,5,14,214,64,127
7.5RP,5,16,224,46,128
7.5RP,5,18,234,12,129
7.5RP,6,2,165,142,153
7.5RP,6,4,179,136,152
7.5RP,6,6,195,129,152
7.5RP,6,8,206,123,151
7.5RP,6,10,219,115,151
7.5RP,6,12,231,106,151
7.5RP,6,14,243,95,152
7.5RP,7,2,191,168,180
7.5RP,7,4,206,162,179
7.5RP,7,6,221,155,178
7.5RP,7,8,235,148,178
7.5RP,7,10,248,141,177
7.5RP,8,2,216,194,208
7.5RP,8,4,233,188,206
7.5RP,8,6,250,181,205
7.5RP,9,2,244,221,236
7.5RP,9,2,246,223,238
7.5RP,8,2,218,196,209
7.5RP,7,2,192,169,181
7.5RP,6,2,166,142,154
7.5RP,5,2,140,116,127
7.5RP,4,2,115,90,101
7.5RP,3,2,91,65,76
7.5RP,2,2,65,42,54
7.5RP,1,2,43,21,35
7.5RP,1,4,51,14,39
7.5RP,2,4,75,37,56
7.5RP,3,4,104,58,77
7.5RP,4,4,129,84,101
7.5RP,5,4,155,110,126
7.5RP,6,4,181,137,153
7.5RP,7,4,207,163,180
7.5RP,8,4,235,189,208
7.5RP,8,6,252,182,206
7.5RP,7,6,223,156,179
7.5RP,6,6,196,130,152
7.5RP,5,6,168,103,126
7.5RP,4,6,141,77,101
7.5RP,3,6,115,50,78
7.5RP,2,6,84,29,59
7.5RP,1,6,58,4,43
7.5RP,2,8,93,17,62
7.5RP,3,8,126,39,79
7.5RP,4,8,153,68,101
7.5RP,5,8,182,95,126
7.5RP,6,8,207,123,152
7.5RP,7,8,237,149,179
7.5RP,7,10,250,142,178
7.5RP,6,10,220,115,152
7.5RP,5,10,193,87,126
7.5RP,4,10,163,59,102
7.5RP,3,10,136,25,81
7.5RP,4,12,174,46,103
7.5RP,5,12,205,75,127
7.5RP,6,12,232,106,152
7.5RP,6,14,245,95,153
7.5RP,5,14,215,64,128
7.5RP,4,14,184,25,104
7.5RP,5,16,226,45,129
7.5RP,5,18,236,11,130
7.5RP,9,2,240,225,227
7.5RP,9,4,255,218,225
7.5RP,9,6,255,211,223
7.5Y,1,2,37,34,17
7.5Y,2,2,56,53,37
7.5Y,2,4,59,52,10
7.5Y,3,2,77,74,55
7.5Y,3,4,81,74,34
7.5Y,4,2,102,97,74
7.5Y,4,4,105,97,51
7.5Y,4,6,108,97,24
7.5Y,5,2,127,122,98
7.5Y,5,4,131,122,73
7.5Y,5,6,134,123,45
7.5Y,6,2,152,148,121
7.5Y,6,4,156,148,96
7.5Y,6,6,160,149,68
7.5Y,6,8,163,149,35
7.5Y,7,2,179,174,146
7.5Y,7,4,183,175,119
7.5Y,7,6,187,175,93
7.5Y,7,8,189,175,64
7.5Y,7,10,192,175,4
7.5Y,8,2,206,201,170
7.5Y,8,4,210,202,143
7.5Y,8,6,214,203,116
7.5Y,8,8,217,203,87
7.5Y,8,10,219,203,88
7.5Y,9,2,234,230,195
7.5Y,9,4,238,230,167
7.5Y,9,6,242,231,138
7.5Y,9,8,245,231,109
7.5Y,1,2,34,28,11
7.5Y,2,2,55,49,35
7.5Y,2,4,59,49,5
7.5Y,3,2,79,71,55
7.5Y,3,4,82,72,32
7.5Y,4,2,104,96,77
7.5Y,4,4,108,96,51
7.5Y,4,6,111,96,23
7.5Y,5,2,130,121,102
7.5Y,5,4,135,121,76
7.5Y,5,6,138,122,46
7.5Y,6,2,157,147,127
7.5Y,6,4,161,147,101
7.5Y,6,6,165,148,72
7.5Y,6,8,168,148,37
7.5Y,7,2,184,173,153
7.5Y,7,4,188,173,126
7.5Y,7,6,192,174,99
7.5Y,7,8,195,174,68
7.5Y,7,10,198,174,19
7.5Y,8,2,211,199,178
7.5Y,8,4,215,200,152
7.5Y,8,6,219,200,124
7.5Y,8,8,222,200,93
7.5Y,8,10,225,201,58
7.5Y,9,2,239,226,204
7.5Y,9,4,243,227,176
7.5Y,9,6,247,227,147
7.5Y,9,8,251,228,117
7.5Y,9,10,254,228,85
7.5Y,9,2,240,228,205
7.5Y,8,2,212,200,179
7.5Y,7,2,185,174,154
7.5Y,6,2,158,148,128
7.5Y,5,2,131,122,103
7.5Y,4,2,105,96,77
7.5Y,3,2,79,71,55
7.5Y,2,2,54,49,34
7.5Y,1,2,34,28,10
7.5Y,2,4,58,48,4
7.5Y,3,4,82,71,31
7.5Y,4,4,109,96,51
7.5Y,5,4,136,122,76
7.5Y,6,4,162,148,102
7.5Y,7,4,189,174,127
7.5Y,8,4,217,201,152
7.5Y,9,4,245,228,177
7.5Y,9,6,249,229,148
7.5Y,8,6,221,201,124
7.5Y,7,6,193,175,99
7.5Y,6,6,166,148,72
7.5Y,5,6,139,122,45
7.5Y,4,6,112,96,22
7.5Y,6,8,169,148,37
7.5Y,7,8,196,175,68
7.5Y,8,8,224,202,93
7.5Y,9,8,252,229,117
7.5Y,8,10,227,202,58
7.5Y,7,10,199,175,19
7.5YR,1,2,46,30,20
7.5YR,2,2,64,49,39
7.5YR,2,4,72,47,24
7.5YR,3,2,87,70,58
7.5YR,3,4,96,67,42
7.5YR,3,6,103,65,24
7.5YR,4,2,112,93,79
7.5YR,4,4,123,90,61
7.5YR,4,6,131,88,44
7.5YR,4,8,137,85,21
7.5YR,5,2,136,118,104
7.5YR,5,4,149,115,85
7.5YR,5,6,159,112,65
7.5YR,5,8,167,109,43
7.5YR,5,10,172,107,4
7.5YR,6,2,163,144,128
7.5YR,6,4,175,141,109
7.5YR,6,6,186,138,88
7.5YR,6,8,195,135,67
7.5YR,6,10,203,132,41
7.5YR,7,2,189,170,153
7.5YR,7,4,203,167,133
7.5YR,7,6,214,164,112
7.5YR,7,8,224,161,91
7.5YR,7,10,232,159,67
7.5YR,7,12,239,156,34
7.5YR,8,2,216,197,179
7.5YR,8,4,230,194,157
7.5YR,8,6,243,191,136
7.5YR,9,2,245,225,204
7.5YR,9,4,255,222,180
7.5YR,9,6,255,219,158
7.5YR,9,8,255,216,134
7.5YR,9,10,255,213,111
7.5YR,1,2,43,24,14
7.5YR,2,2,63,45,37
7.5YR,2,4,73,42,20
7.5YR,3,2,89,67,58
7.5YR,3,4,98,64,41
7.5YR,3,6,106,61,20
7.5YR,4,2,115,92,82
7.5YR,4,4,127,88,62
7.5YR,4,6,135,85,43
7.5YR,4,8,141,83,19
7.5YR,5,2,140,117,109
7.5YR,5,4,153,114,89
7.5YR,5,6,163,110,67
7.5YR,5,8,171,107,44
7.5YR,5,10,177,105,10
7.5YR,6,2,167,143,134
7.5YR,6,4,180,139,115
7.5YR,6,6,191,136,93
7.5YR,6,8,200,133,70
7.5YR,6,10,207,130,43
7.5YR,7,2,194,169,161
7.5YR,7,4,207,165,140
7.5YR,7,6,219,162,118
7.5YR,7,8,228,159,96
7.5YR,7,10,236,156,72
7.5YR,7,12,244,153,38
7.5YR,8,2,221,195,187
7.5YR,8,4,235,192,166
7.5YR,8,6,247,188,144
7.5YR,9,2,249,222,213
7.5YR,9,2,251,223,215
7.5YR,8,2,222,196,189
7.5YR,7,2,195,170,161
7.5YR,6,2,168,143,135
7.5YR,5,2,141,118,109
7.5YR,4,2,115,92,82
7.5YR,3,2,89,67,58
7.5YR,2,2,63,45,37
7.5YR,1,2,43,24,14
7.5YR,2,4,72,42,19
7.5YR,3,4,99,64,41
7.5YR,4,4,127,88,62
7.5YR,5,4,154,114,89
7.5YR,6,4,181,140,115
7.5YR,7,4,209,166,141
7.5YR,8,4,236,193,166
7.5YR,8,6,249,190,145
7.5YR,7,6,220,163,119
7.5YR,6,6,192,137,93
7.5YR,5,6,164,111,67
7.5YR,4,6,135,85,43
7.5YR,3,6,106,61,20
7.5YR,4,8,142,83,18
7.5YR,5,8,172,107,43
7.5YR,6,8,201,134,70
7.5YR,7,8,230,160,97
7.5YR,7,10,238,157,72
7.5YR,6,10,209,131,42
7.5YR,5,10,178,105,9
7.5YR,7,12,245,154,38
N,10, ,255,255,255
N,10, ,255,253,255
N,9, ,229,229,229
N,8, ,204,204,204
N,7, ,178,178,178
N,6, ,153,153,153
N,5, ,127,127,127
N,4, ,102,102,102
N,3, ,76,76,76
N,2, ,51,51,51
N,1, ,25,25,25
N,0, ,0,0,0